MLS,Stat,Type,Address,State,List/Sell $,Bths,SF,Stat Date,Area,City,CDOM,Bds
24088579,S,RESI,2315 Perkins W,WA,"$525,000",2.5,"2,300",02/03/2005,700,Seattle,111.0,4
24141373,S,RESI,5617 42nd Ave W,WA,"$985,000",3.5,"3,400",02/04/2005,700,Seattle,110.0,4
25007241,S,RESI,2719 4th Ave W,WA,"$859,950",2.5,"3,658",02/04/2005,700,Seattle,2.0,5
24151283,S,COND,655 Crockett St #B208,WA,"$404,990",2.0,"1,085",02/04/2005,700,Seattle,76.0,2
24144973,S,COND,900 Warren Ave N #103,WA,"$315,990",1.75,"1,016",02/04/2005,700,Seattle,2.0,2
25005253,S,RESI,3522 W Lawton Cir,WA,"$1,100,000",3.5,"4,064",02/06/2005,700,Seattle,323.0,4
25001179,S,COND,2420 8th Ave N #103,WA,"$575,000",2.0,"1,662",02/08/2005,700,Seattle,21.0,2
24143558,S,RESI,3429 10th Ave W,WA,"$535,000",1.75,"3,400",02/09/2005,700,Seattle,143.0,5
24161322,S,RESI,2845 31st Ave W,WA,"$440,000",2.0,"2,640",02/09/2005,700,Seattle,125.0,4
24148949,S,RESI,1009 W Garfield St,WA,"$399,950",1.75,"1,510",02/09/2005,700,Seattle,61.0,3
24136467,S,RESI,4029 31st Ave W,WA,"$451,000",1.75,"1,660",02/10/2005,700,Seattle,71.0,3
25007311,S,RESI,4022 34th Ave W,WA,"$350,000",1.0,"1,830",02/10/2005,700,Seattle,6.0,2
25003212,S,RESI,1616 Taylor Ave N,WA,"$605,000",3.0,"3,170",02/11/2005,700,Seattle,53.0,6
25001296,S,RESI,318 W Garfield St,WA,"$585,000",3.0,"2,190",02/11/2005,700,Seattle,18.0,4
25006569,S,COND,1001 2nd Ave W #301,WA,"$395,000",1.75,"1,309",02/11/2005,700,Seattle,13.0,2
24088459,S,RESI,3008 44th Ave W,WA,"$740,000",2.5,"2,930",02/14/2005,700,Seattle,180.0,3
25002529,S,RESI,2911 W Mansell,WA,"$506,000",2.0,"1,720",02/14/2005,700,Seattle,24.0,3
24096768,S,COND,2551 Thorndyke Ave W #301,WA,"$439,900",2.5,"1,468",02/14/2005,700,Seattle,184.0,3
24101287,S,RESI,2834 W Viewmont W,WA,"$1,190,000",3.5,"3,610",02/15/2005,700,Seattle,166.0,5
24107837,S,RESI,4321 W Montfort,WA,"$750,000",2.5,"3,840",02/15/2005,700,Seattle,147.0,3
24151817,S,RESI,710 W Wheeler St,WA,"$521,000",1.75,"2,130",02/15/2005,700,Seattle,82.0,3
25003946,S,RESI,2532 Queen Anne Ave N,WA,"$655,000",2.75,"2,200",02/16/2005,700,Seattle,9.0,3
24136386,S,RESI,3642 39th Ave W,WA,"$495,000",2.0,"3,160",02/16/2005,700,Seattle,172.0,3
24144954,S,COND,900 Warren Ave N #403,WA,"$470,700",1.75,"1,116",02/16/2005,700,Seattle,2.0,2
24106181,S,RESI,1022 B Taylor Ave N,WA,"$420,000",2.25,"1,481",02/16/2005,700,Seattle,172.0,3
24101647,S,COND,2551 Thorndyke Ave W #201,WA,"$356,900",2.0,"1,241",02/16/2005,700,Seattle,137.0,2
24150357,S,COND,1011 5 Ave N #404,WA,"$305,000",1.0,798,02/16/2005,700,Seattle,92.0,1
24164753,S,RESI,2622 Mayfair Ave N,WA,"$265,500",1.0,"1,350",02/16/2005,700,Seattle,14.0,2
24159976,S,COND,405 Prospect Ave #103,WA,"$249,950",1.0,651,02/16/2005,700,Seattle,,1
25006235,S,RESI,2470 Nob Hill Ave N,WA,"$665,000",2.25,"2,580",02/17/2005,700,Seattle,88.0,4
25007906,S,RESI,1906 6th Ave W,WA,"$496,250",2.75,"2,200",02/17/2005,700,Seattle,6.0,3
25010916,S,COND,1550 Eastlake Ave E #104,WA,"$336,724",2.0,"1,116",02/17/2005,700,Seattle,9.0,2
25007337,S,COND,1011 5 Ave N #204,WA,"$206,000",1.0,878,02/17/2005,700,Seattle,13.0,1
24122011,S,RESI,2517 Westmont W,WA,"$1,434,000",3.5,"3,850",02/18/2005,700,Seattle,205.0,4
24144972,S,RESI,309 Lynn St,WA,"$735,000",2.0,"3,070",02/18/2005,700,Seattle,108.0,4
25003779,S,RESI,3241 44th Ave W,WA,"$637,000",1.5,"2,740",02/18/2005,700,Seattle,10.0,3
24154487,S,RESI,354 Aloha St,WA,"$430,000",2.0,"1,680",02/18/2005,700,Seattle,69.0,2
24106188,S,RESI,1020 B Taylor Ave N,WA,"$425,000",2.25,"1,475",02/18/2005,700,Seattle,173.0,3
25000153,S,COND,3848 25th Ave W,WA,"$300,000",1.5,"1,679",02/20/2005,700,Seattle,20.0,2
25004102,S,RESI,1515 28th Ave W,WA,"$979,000",3.25,"3,780",02/21/2005,700,Seattle,86.0,3
25011939,S,RESI,3406 W Viewmont W,WA,"$491,250",1.5,"2,550",02/21/2005,700,Seattle,6.0,3
24163083,S,COND,507 W Mercer St #602,WA,"$347,000",1.75,"1,000",02/21/2005,700,Seattle,151.0,2
24143985,S,COND,133 Queen Anne Ave N. #606,WA,"$356,000",1.0,795,02/22/2005,700,Seattle,115.0,2
25007324,S,COND,2625 13th Ave W #301,WA,"$262,000",1.75,"1,019",02/22/2005,700,Seattle,13.0,2
24137787,S,COND,301 W Raye St #201,WA,"$254,950",1.0,605,02/22/2005,700,Seattle,107.0,3
25007278,S,COND,3661 24th W #406,WA,"$187,500",1.0,697,02/22/2005,700,Seattle,8.0,1
25004940,S,RESI,1509 4th Ave W,WA,"$450,000",1.5,"2,200",02/23/2005,700,Seattle,20.0,3
24162111,S,RESI,2217 W Ruffner St,WA,"$351,000",1.75,"1,920",02/23/2005,700,Seattle,39.0,2
25007194,S,RESI,2615 37th Ave W,WA,"$545,000",1.75,"2,230",02/24/2005,700,Seattle,17.0,3
25013683,S,RESI,1934 6th Ave W,WA,"$475,000",1.75,"2,150",02/24/2005,700,Seattle,10.0,3
24106196,S,RESI,1020 A Taylor Ave N,WA,"$435,000",2.25,"1,475",02/24/2005,700,Seattle,172.0,3
24141689,S,COND,900 Warren Ave N #204,WA,"$428,490",1.75,"1,207",02/24/2005,700,Seattle,12.0,2
25012073,S,COND,160 Lee St #109,WA,"$215,000",1.0,605,02/24/2005,700,Seattle,6.0,1
24143552,S,RESI,3008 10th Ave W,WA,"$597,500",2.0,"2,120",02/25/2005,700,Seattle,109.0,3
25004610,S,RESI,415 W McGraw St,WA,"$539,500",1.75,"3,000",02/25/2005,700,Seattle,15.0,4
25007790,S,COND,1219 6th Ave N #204,WA,"$356,750",2.5,"1,074",02/25/2005,700,Seattle,11.0,2
25011015,S,COND,1219 6th Ave N #208,WA,"$325,000",1.5,"1,042",02/25/2005,700,Seattle,4.0,2
25003672,S,COND,519 W Roy St #405,WA,"$159,900",1.0,492,02/26/2005,700,Seattle,6.0,0
25012736,S,RESI,2707 Nob Hill Ave N,WA,"$895,000",2.25,"4,600",02/28/2005,700,Seattle,6.0,4
24102809,S,RESI,2560 5th Ave W,WA,"$555,000",3.25,"3,050",02/28/2005,700,Seattle,244.0,4
25005280,S,RESI,43 W Dravus St,WA,"$480,950",3.0,"2,160",02/28/2005,700,Seattle,29.0,4
25007930,S,COND,1909 10th Ave W #203,WA,"$265,000",1.0,703,02/28/2005,700,Seattle,8.0,1
25004640,S,COND,133 Queen Anne Ave #603,WA,"$252,000",1.0,635,02/28/2005,700,Seattle,50.0,1
24166858,S,COND,123 Queen Anne Ave N #A205,WA,"$137,950",1.0,423,02/28/2005,700,Seattle,44.0,0
25011817,S,RESI,312 W Olympic Place,WA,"$600,000",1.5,"3,120",03/01/2005,700,Seattle,1.0,6
25003620,S,RESI,3425 42nd Ave W,WA,"$560,000",1.0,"1,650",03/01/2005,700,Seattle,4.0,3
25005403,S,RESI,4514 36th Ave W,WA,"$490,000",2.5,"1,710",03/01/2005,700,Seattle,11.0,3
25007894,S,COND,1525 Taylor Ave N #204,WA,"$200,000",1.0,596,03/01/2005,700,Seattle,25.0,1
25010763,S,COND,1300 W Boston St #33,WA,"$170,000",1.0,653,03/01/2005,700,Seattle,15.0,1
25010757,S,COND,3710 27th Place W #208,WA,"$155,000",1.0,658,03/01/2005,700,Seattle,115.0,1
24129325,S,COND,1216 5th Ave N,WA,"$881,125",2.5,"2,278",03/02/2005,700,Seattle,105.0,2
25008014,S,RESI,219 Ward St,WA,"$820,000",2.75,"3,280",03/02/2005,700,Seattle,186.0,3
25003850,S,COND,21 W Comstock St #101,WA,"$677,450",2.25,"1,600",03/02/2005,700,Seattle,13.0,2
24103505,S,RESI,1818 5th Ave N #1818,WA,"$479,000",2.5,"1,616",03/02/2005,700,Seattle,212.0,3
24160230,S,RESI,3004 W Tilden St,WA,"$465,000",1.75,"2,900",03/02/2005,700,Seattle,128.0,3
25007352,S,COND,3630 26 Place W #302-C,WA,"$450,000",1.75,"1,800",03/02/2005,700,Seattle,16.0,2
25004259,S,RESI,3037 30th Ave W #A,WA,"$431,500",2.5,"1,770",03/02/2005,700,Seattle,102.0,2
24144996,S,COND,900 Warren Ave N #302,WA,"$417,490",1.75,"1,110",03/02/2005,700,Seattle,,2
24161754,S,COND,123 Queen Anne Ave N #611,WA,"$237,500",1.0,595,03/02/2005,700,Seattle,142.0,1
24140280,S,COND,2244 13th Ave W #203,WA,"$134,900",1.0,589,03/02/2005,700,Seattle,123.0,1
25016768,S,RESI,3261 10th Ave W,WA,"$582,000",1.75,"2,560",03/03/2005,700,Seattle,4.0,3
25001290,S,RESI,154 Lynn St,WA,"$480,000",2.0,"1,638",03/03/2005,700,Seattle,10.0,5
24144982,S,COND,900 Warren Ave N #402,WA,"$440,000",1.75,"1,110",03/03/2005,700,Seattle,2.0,2
25006983,S,COND,2410 Aurora Ave N #104,WA,"$421,000",2.25,"1,638",03/03/2005,700,Seattle,16.0,2
25018023,S,RESI,1513 4th Ave W,WA,"$373,000",0.75,"1,230",03/03/2005,700,Seattle,7.0,2
25010869,S,COND,1550 Eastlake Ave E #504,WA,"$352,900",2.0,"1,116",03/03/2005,700,Seattle,9.0,2
24150582,S,RESI,3219 B 21 Ave W,WA,"$340,000",3.25,"1,563",03/03/2005,700,Seattle,62.0,3
10025013276,S,COND,526 W Mercer Place #403,WA,"$275,000",2.0,"1,000",03/03/2005,700,Seattle,281.0,2
10125012625,S,RESI,2606 W Raye St,WA,"$635,000",1.75,"2,920",03/04/2005,700,Seattle,12.0,5
10225006488,S,RESI,3215 33rd Ave W,WA,"$434,000",1.75,"2,340",03/04/2005,700,Seattle,91.0,5
10325012838,S,RESI,3037 30th Ave W #(B),WA,"$430,000",2.5,"1,770",03/04/2005,700,Seattle,4.0,2
10425016400,S,COND,410 W Roy St #E204,WA,"$335,000",1.75,"1,126",03/04/2005,700,Seattle,4.0,2
10525011683,S,COND,100 W Highland Dr #204,WA,"$300,000",1.0,697,03/04/2005,700,Seattle,285.0,1
10625008068,S,COND,2634 Franklin Ave E #203,WA,"$250,000",1.0,572,03/04/2005,700,Seattle,15.0,1
10825020406,S,COND,150 Valley #101,WA,"$185,000",1.0,665,03/04/2005,700,Seattle,8.0,1
10924152117,S,COND,762 Hayes St #24,WA,"$165,000",1.0,657,03/06/2005,700,Seattle,85.0,1
11025019963,S,RESI,2566 12th Ave W,WA,"$605,000",2.5,"1,900",03/07/2005,700,Seattle,,3
11125017112,S,RESI,2559 24th Ave W,WA,"$480,000",2.0,"2,440",03/07/2005,700,Seattle,4.0,2
11324146134,S,RESI,3217 A 21st Ave W,WA,"$335,000",3.25,"1,330",03/07/2005,700,Seattle,31.0,3
11425013387,S,COND,415 W Mercer St #401,WA,"$271,000",2.0,"1,188",03/07/2005,700,Seattle,2.0,2
11525018129,S,COND,3406 W Government Wy #3,WA,"$257,450",2.0,949,03/07/2005,700,Seattle,14.0,2
11625007174,S,COND,2450 Dexter Ave N #3,WA,"$171,000",1.0,653,03/07/2005,700,Seattle,33.0,1
11725011063,S,RESI,2110 Bigelow Ave N,WA,"$1,227,500",3.75,"3,520",03/08/2005,700,Seattle,8.0,5
11825001145,S,RESI,3024 25th Ave W,WA,"$600,000",2.75,"2,180",03/08/2005,700,Seattle,32.0,3
11925010964,S,RESI,2614 36th Ave W,WA,"$447,000",1.75,"1,980",03/08/2005,700,Seattle,12.0,2
12025011281,S,COND,1902 Bigelow Ave N #102,WA,"$212,000",1.0,872,03/08/2005,700,Seattle,14.0,1
12125011980,S,RESI,2701 Warren Ave N,WA,"$729,950",2.75,"3,000",03/09/2005,700,Seattle,14.0,3
12225002355,S,RESI,721 W Florentia Place,WA,"$719,000",2.5,"2,640",03/09/2005,700,Seattle,86.0,4
12325009432,S,COND,1110 W Howe St #400,WA,"$575,000",3.0,"2,615",03/09/2005,700,Seattle,506.0,3
12424145054,S,RESI,2818 4th Ave W,WA,"$545,000",2.75,"2,290",03/09/2005,700,Seattle,115.0,3
12524139674,S,RESI,506 W Galer St,WA,"$525,000",1.5,"1,880",03/09/2005,700,Seattle,132.0,3
12625006405,S,RESI,3136 W Government,WA,"$499,900",2.25,"1,950",03/09/2005,700,Seattle,22.0,4
12724155935,S,COND,1240 5th Ave N #202,WA,"$454,500",2.0,"1,373",03/09/2005,700,Seattle,52.0,2
12824152299,S,RESI,1508 Galer Place N,WA,"$375,000",1.5,"1,840",03/09/2005,700,Seattle,83.0,2
12925003125,S,COND,2121 Westlake Ave N #201,WA,"$362,900",1.75,"1,200",03/09/2005,700,Seattle,117.0,2
13024149167,S,RESI,3219 A 21st Ave W,WA,"$353,000",2.25,"1,538",03/09/2005,700,Seattle,4.0,2
13224157983,S,COND,900 Aurora Ave N #602,WA,"$320,000",2.0,"1,063",03/09/2005,700,Seattle,69.0,2
13324140639,S,COND,7 Highland Dr #101,WA,"$297,000",1.0,971,03/09/2005,700,Seattle,94.0,2
13424142175,S,COND,900 Warren Ave N #300,WA,"$218,840",1.0,700,03/09/2005,700,Seattle,4.0,1
13525001915,S,COND,3658 13th Avenue W,WA,"$499,000",2.75,"2,292",03/10/2005,700,Seattle,44.0,4
13625012032,S,RESI,2541 8th Ave W,WA,"$450,000",1.0,"1,750",03/11/2005,700,Seattle,5.0,2
13725018844,S,COND,120 1st Ave W #504,WA,"$260,000",1.0,617,03/11/2005,700,Seattle,7.0,1
13825017369,S,COND,2001 Westlake Ave N #13,WA,"$250,500",1.0,900,03/11/2005,700,Seattle,15.0,2
13924144711,S,RESI,3003 Perkins Lane W,WA,"$826,000",2.75,"2,930",03/14/2005,700,Seattle,77.0,5
14025016988,S,RESI,1923 34th Ave W,WA,"$675,000",1.75,"3,180",03/14/2005,700,Seattle,9.0,4
14125017803,S,RESI,2418 10th Ave W,WA,"$612,500",1.5,"2,679",03/14/2005,700,Seattle,8.0,3
14324145037,S,COND,900 Warren Ave N #102,WA,"$338,790",1.75,"1,110",03/14/2005,700,Seattle,6.0,2
14425003881,S,COND,2167 Dexter Ave N #202,WA,"$300,000",2.0,"1,025",03/14/2005,700,Seattle,22.0,2
14525012987,S,COND,18 Dravus St #104,WA,"$267,000",1.75,939,03/14/2005,700,Seattle,19.0,2
14725019784,S,RESI,2537 35th Ave W,WA,"$575,000",1.75,"2,090",03/15/2005,700,Seattle,2.0,2
14825003087,S,COND,405 Prospect St #102,WA,"$199,950",1.0,516,03/15/2005,700,Seattle,35.0,0
14925014029,S,COND,57 Etruria St #103,WA,"$177,600",1.0,672,03/15/2005,700,Seattle,23.0,1
15025017042,S,COND,3700 26th Place W #203,WA,"$172,500",1.0,765,03/15/2005,700,Seattle,19.0,1
15124139220,S,COND,520 Galer St #300,WA,"$1,300,000",2.5,"3,180",03/16/2005,700,Seattle,179.0,3
15225019850,S,RESI,1958 8th Ave W,WA,"$1,250,000",2.75,"2,600",03/16/2005,700,Seattle,2.0,3
15325023327,S,RESI,1003 W Galer St,WA,"$640,000",1.5,"2,240",03/16/2005,700,Seattle,5.0,3
15525017406,S,RESI,3439 34th Ave W,WA,"$525,000",1.75,"2,210",03/16/2005,700,Seattle,3.0,3
15625012534,S,RESI,2131 Waverly Place N #A,WA,"$385,000",1.5,"1,200",03/16/2005,700,Seattle,13.0,2
15725000607,S,COND,2312 W Boston St #102,WA,"$336,900",2.0,"1,018",03/16/2005,700,Seattle,101.0,2
15825016156,S,COND,520 2nd Ave W #D,WA,"$295,000",2.0,"1,058",03/16/2005,700,Seattle,10.0,2
16125011514,S,RESI,2540 Dexter Ave N,WA,"$544,154",2.5,"2,700",03/17/2005,700,Seattle,9.0,3
16225012252,S,RESI,815 Nob Hill Ave N,WA,"$475,000",2.0,"1,790",03/17/2005,700,Seattle,13.0,3
16325022680,S,RESI,121 E Edgar St,WA,"$850,000",1.75,"2,090",03/18/2005,700,Seattle,10.0,2
16425010892,S,RESI,2621 40th Ave W,WA,"$700,000",2.5,"3,460",03/18/2005,700,Seattle,16.0,4
16525022861,S,RESI,2205 Bigelow Ave N #12,WA,"$450,000",1.0,"1,010",03/18/2005,700,Seattle,7.0,2
16625011376,S,RESI,2837 Prosch Ave W,WA,"$439,900",2.5,"2,160",03/18/2005,700,Seattle,21.0,2
16724074295,S,COND,2551 Thorndyke Ave W #102,WA,"$376,900",2.0,"1,330",03/18/2005,700,Seattle,268.0,2
16825015483,S,RESI,4305 31st Ave W,WA,"$534,000",2.5,"2,720",03/19/2005,700,Seattle,83.0,4
16924150792,S,COND,17 W Mercer St #TH2,WA,"$499,000",2.5,"1,511",03/19/2005,700,Seattle,111.0,2
17025010967,S,RESI,2810 46th Ave W,WA,"$1,238,000",3.0,"3,930",03/21/2005,700,Seattle,23.0,5
17125020486,S,RESI,1004 Nob Hill Ave N,WA,"$940,000",2.25,"2,970",03/21/2005,700,Seattle,8.0,2
17225013484,S,RESI,2321 Rosemont Place W,WA,"$810,000",2.0,"2,910",03/21/2005,700,Seattle,17.0,2
17325022262,S,RESI,3247 13 Ave W,WA,"$516,000",1.75,"2,352",03/21/2005,700,Seattle,16.0,5
17425021779,S,COND,912 Third Ave W #402,WA,"$295,000",1.0,850,03/21/2005,700,Seattle,4.0,2
17825009920,S,RESI,2515 Dexter Ave N,WA,"$470,000",2.0,"1,733",03/22/2005,700,Seattle,229.0,3
17924152937,S,COND,3661 24th Place W #108,WA,"$196,000",1.0,902,03/22/2005,700,Seattle,84.0,2
18025039774,S,RESI,303 Prospect St,WA,"$1,151,000",3.5,"3,140",03/23/2005,700,Seattle,,4
18125015010,S,RESI,4048 35th Ave W,WA,"$729,000",3.5,"4,000",03/23/2005,700,Seattle,176.0,4
18325014965,S,RESI,16 Florentia St,WA,"$565,000",2.5,"2,848",03/23/2005,700,Seattle,35.0,3
18424096592,S,COND,2551 Thorndyke Ave W #205,WA,"$354,900",2.0,"1,090",03/23/2005,700,Seattle,228.0,2
18624160096,S,COND,405 Prospect St #100B,WA,"$129,950",0.75,406,03/23/2005,700,Seattle,107.0,0
18725007404,S,RESI,4028 34th Ave W,WA,"$415,000",1.75,"2,380",03/24/2005,700,Seattle,45.0,4
18824126505,S,RESI,623 W Highland Dr,WA,"$3,550,000",4.25,"6,830",03/25/2005,700,Seattle,410.0,4
18924165458,S,COND,900 Aurora Ave N #S-507,WA,"$399,500",2.0,"1,378",03/25/2005,700,Seattle,74.0,2
19125024497,S,RESI,3845 35th Ave W,WA,"$316,000",1.0,890,03/25/2005,700,Seattle,12.0,2
19325018071,S,COND,1300 W Boston St #34,WA,"$182,000",1.0,653,03/26/2005,700,Seattle,17.0,1
19425010130,S,RESI,4305 W Bertona St,WA,"$579,000",1.75,"2,950",03/28/2005,700,Seattle,19.0,5
19525022250,S,RESI,525 W Crockett St,WA,"$469,950",1.0,"1,870",03/28/2005,700,Seattle,4.0,2
19625012894,S,RESI,2912 Warren Ave N,WA,"$445,000",1.0,"1,960",03/28/2005,700,Seattle,49.0,2
19725013149,S,COND,18 Dravus St #310,WA,"$257,000",1.0,816,03/28/2005,700,Seattle,24.0,1
19925025726,S,RESI,2525 30th Ave W,WA,"$699,000",3.5,"3,390",03/29/2005,700,Seattle,26.0,4
20025013223,S,RESI,3554 W Smith St,WA,"$631,000",1.75,"2,540",03/29/2005,700,Seattle,29.0,2
20125000179,S,RESI,2835 30th Ave W,WA,"$600,000",2.0,"2,885",03/29/2005,700,Seattle,53.0,5
20224142250,S,RESI,2503 W Raye St,WA,"$489,000",1.75,"2,800",03/29/2005,700,Seattle,96.0,4
20325011220,S,COND,900 aurora Ave N #S-405,WA,"$323,000",2.0,"1,137",03/29/2005,700,Seattle,32.0,2
20425027667,S,COND,123 Queen Anne Ave N #504,WA,"$248,500",1.0,603,03/29/2005,700,Seattle,1.0,1
20525024037,S,COND,160 Lee St #203,WA,"$197,500",1.0,585,03/29/2005,700,Seattle,16.0,1
20725015530,S,COND,511 W Mercer St #501,WA,"$950,000",2.5,"2,427",03/30/2005,700,Seattle,33.0,3
20825027492,S,RESI,2466 Nob Hill Ave N,WA,"$850,000",2.0,"3,020",03/30/2005,700,Seattle,10.0,4
20925024835,S,RESI,1607 11th Ave W,WA,"$740,000",1.5,"2,950",03/30/2005,700,Seattle,64.0,3
21024149647,S,COND,900 Warren Ave N #203,WA,"$396,113",1.75,"1,116",03/30/2005,700,Seattle,14.0,2
21124145028,S,COND,900 Warren Ave N #202,WA,"$365,490",1.75,"1,110",03/30/2005,700,Seattle,5.0,2
21325014048,S,RESI,3205 40th Ave W,WA,"$787,000",3.5,"3,100",03/31/2005,700,Seattle,42.0,3
21425003112,S,COND,405 Prospect St #202,WA,"$499,950",2.0,"1,320",03/31/2005,700,Seattle,21.0,2
21525029326,S,RESI,2609 35th Ave W,WA,"$409,000",1.75,"1,290",03/31/2005,700,Seattle,9.0,3
21624150794,S,COND,17 W Mercer St #TH6,WA,"$499,000",2.5,"1,511",04/01/2005,700,Seattle,122.0,2
21725021080,S,COND,1601 Taylor Ave N #204,WA,"$200,000",1.0,601,04/01/2005,700,Seattle,6.0,1
21825003508,S,COND,275 W Roy St #219,WA,"$185,950",1.0,598,04/01/2005,700,Seattle,46.0,1
22025026853,S,COND,500 Aloha St,WA,"$230,000",1.0,697,04/02/2005,700,Seattle,10.0,1
22125016603,S,COND,530 4th Ave W #510,WA,"$367,000",1.0,859,04/03/2005,700,Seattle,13.0,1
22325020869,S,RESI,1535 1st Avenue W,WA,"$568,420",2.75,"2,380",04/04/2005,700,Seattle,8.0,3
22425010481,S,RESI,3621 40th Ave W,WA,"$512,000",2.25,"2,100",04/04/2005,700,Seattle,41.0,3
22525027444,S,RESI,2261 Condon Wy W,WA,"$455,000",1.75,"2,300",04/04/2005,700,Seattle,6.0,2
22625015972,S,RESI,4505 33rd Ave W,WA,"$415,000",1.0,"2,100",04/04/2005,700,Seattle,24.0,3
22725011295,S,COND,425 23rd Ave S #A003,WA,"$184,950",1.0,602,04/04/2005,700,Seattle,75.0,0
22825004341,S,RESI,1433 8th Ave W,WA,"$1,825,000",2.5,"4,901",04/05/2005,700,Seattle,155.0,5
22924109730,S,RESI,1201 7th Ave W,WA,"$1,425,000",2.75,"4,430",04/05/2005,700,Seattle,182.0,5
23025031764,S,RESI,3027 12 Ave W,WA,"$839,950",3.0,"2,800",04/05/2005,700,Seattle,4.0,4
23125023881,S,RESI,3235 25th Ave W,WA,"$548,000",3.25,"3,060",04/05/2005,700,Seattle,17.0,3
23325019939,S,RESI,4611 34th Ave W,WA,"$485,000",1.0,"1,810",04/05/2005,700,Seattle,18.0,3
23425028912,S,RESI,2506 5th Ave W,WA,"$482,500",1.5,"2,160",04/05/2005,700,Seattle,8.0,2
23525009605,S,RESI,300 Valley St,WA,"$459,990",2.25,"1,366",04/05/2005,700,Seattle,2.0,3
23625026952,S,RESI,3249 26th Ave W,WA,"$457,000",1.5,"1,960",04/05/2005,700,Seattle,14.0,3
23725028567,S,RESI,3833 24th W,WA,"$454,000",1.75,"1,900",04/05/2005,700,Seattle,2.0,3
23825017861,S,RESI,300 Valley St,WA,"$448,000",2.5,"1,353",04/05/2005,700,Seattle,13.0,3
23924145146,S,COND,900 Warren Ave N #301,WA,"$439,990",1.75,"1,216",04/05/2005,700,Seattle,2.0,2
24024147350,S,RESI,300 Valley St #13,WA,"$433,660",1.5,"1,352",04/05/2005,700,Seattle,89.0,2
24124145051,S,COND,900 Warren Ave N #101,WA,"$409,990",1.75,"1,216",04/05/2005,700,Seattle,22.0,2
24225031023,S,RESI,3812 23rd Ave W,WA,"$399,000",2.25,"1,560",04/05/2005,700,Seattle,132.0,3
24324121991,S,RESI,300 Valley St,WA,"$375,990",1.5,"1,381",04/05/2005,700,Seattle,84.0,3
24525030684,S,COND,3121 W Government Wy #301,WA,"$309,000",1.75,"1,032",04/05/2005,700,Seattle,99.0,2
24625019120,S,COND,18 Dravus St #201,WA,"$263,000",1.0,808,04/05/2005,700,Seattle,51.0,1
24725023013,S,COND,1550 Eastlake Ave E #506,WA,"$249,900",1.0,699,04/05/2005,700,Seattle,163.0,1
24825017439,S,COND,762 Hayes St #36,WA,"$170,000",1.0,657,04/05/2005,700,Seattle,28.0,1
24925025761,S,RESI,3018 27th Ave W,WA,"$599,000",1.75,"2,520",04/06/2005,700,Seattle,15.0,3
25025030130,S,COND,17 W Mercer St #110,WA,"$295,000",1.0,713,04/06/2005,700,Seattle,16.0,1
25125003174,S,COND,1401 5th Ave W #104,WA,"$200,000",1.0,595,04/06/2005,700,Seattle,94.0,0
25225000295,S,RESI,1700 Magnolia Blvd W,WA,"$1,600,000",3.75,"7,520",04/07/2005,700,Seattle,330.0,5
25325018542,S,RESI,357 Lee St,WA,"$810,000",2.5,"2,870",04/07/2005,700,Seattle,200.0,4
25424153181,S,RESI,1116 Taylor Ave N,WA,"$654,000",4.0,"2,448",04/07/2005,700,Seattle,106.0,4
25525027548,S,RESI,517 W Pleasant Place,WA,"$440,000",1.75,"1,810",04/07/2005,700,Seattle,17.0,2
25625027501,S,COND,1417 Queen Anne Ave N #208,WA,"$385,000",2.0,"1,087",04/07/2005,700,Seattle,8.0,2
25725028538,S,COND,612 Prospect St #202,WA,"$190,000",1.0,679,04/07/2005,700,Seattle,18.0,1
25924088945,S,COND,907 Warren Ave #101,WA,"$699,500",1.75,"1,740",04/08/2005,700,Seattle,248.0,2
26125019461,S,COND,1417 Queen Anne Ave N #405,WA,"$425,000",2.0,"1,194",04/08/2005,700,Seattle,36.0,3
26225023967,S,RESI,1909 35th Ave W,WA,"$727,475",1.75,"2,526",04/11/2005,700,Seattle,4.0,3
26524165550,S,COND,3121 W Government Wy #304,WA,"$293,000",1.75,"1,003",04/11/2005,700,Seattle,82.0,2
26625028301,S,COND,1504 Aurora Ave N #209,WA,"$232,000",1.5,834,04/11/2005,700,Seattle,7.0,2
26724164061,S,COND,111 W Comstock St #111,WA,"$925,000",2.5,"2,176",04/12/2005,700,Seattle,226.0,3
26825037340,S,RESI,3442 23rd Ave W,WA,"$495,000",2.0,"2,910",04/12/2005,700,Seattle,5.0,3
26925033453,S,RESI,2611 31st Ave W,WA,"$435,000",1.75,"2,100",04/12/2005,700,Seattle,5.0,3
27025036208,S,RESI,3617 23rd Ave W,WA,"$415,000",3.0,"1,900",04/12/2005,700,Seattle,6.0,3
27125014598,S,RESI,2539 Piedmont Place W,WA,"$410,000",1.75,"1,920",04/12/2005,700,Seattle,36.0,3
27225021878,S,COND,601 W Mercer Place #404,WA,"$325,000",1.5,838,04/12/2005,700,Seattle,2.0,2
27325021941,S,COND,17 W Mercer #210,WA,"$300,000",1.0,713,04/12/2005,700,Seattle,31.0,1
27625019017,S,COND,1017 W Nickerson St #12,WA,"$215,000",1.0,824,04/13/2005,700,Seattle,27.0,2
27824096128,S,RESI,2632 39th Ave W,WA,"$1,650,000",3.5,"4,467",04/14/2005,700,Seattle,481.0,5
27925016209,S,RESI,3443 42 Ave W,WA,"$525,000",1.0,"2,080",04/14/2005,700,Seattle,55.0,2
28025019131,S,COND,530 4th Ave W #301,WA,"$385,000",1.75,"1,116",04/14/2005,700,Seattle,39.0,2
28124160068,S,COND,405 Prospect St #101,WA,"$189,950",1.0,468,04/14/2005,700,Seattle,113.0,0
28225030195,S,COND,29 Etruria St #A402,WA,"$185,000",1.0,661,04/14/2005,700,Seattle,13.0,1
28325007032,S,COND,2450 Dexter Ave N #1,WA,"$152,000",1.0,628,04/14/2005,700,Seattle,61.0,1
28525002314,S,RESI,2526 29th Ave W,WA,"$675,000",2.0,"2,920",04/15/2005,700,Seattle,58.0,4
28625020453,S,RESI,3214 32nd Ave W,WA,"$420,000",1.75,"2,080",04/15/2005,700,Seattle,18.0,3
28725024778,S,COND,18 Dravus St #210,WA,"$260,000",1.0,816,04/15/2005,700,Seattle,5.0,1
28825024069,S,COND,275 W Roy St #417,WA,"$217,500",1.0,665,04/15/2005,700,Seattle,19.0,1
28925035787,S,COND,4310 Dayton Ave N #101,WA,"$269,950",1.0,784,04/16/2005,700,Seattle,62.0,2
29025023982,S,COND,1017 W Nickerson St #17,WA,"$213,000",0.75,977,04/16/2005,700,Seattle,35.0,2
29125014784,S,RESI,1117 West Blaine St,WA,"$629,950",2.5,"2,610",04/17/2005,700,Seattle,34.0,2
29225004324,S,RESI,2502 4th Ave N,WA,"$925,000",1.0,"2,670",04/18/2005,700,Seattle,98.0,3
29325039116,S,RESI,1825 10th Ave W #C,WA,"$549,000",2.5,"1,565",04/18/2005,700,Seattle,,3
29425015482,S,RESI,3436 9th Ave W,WA,"$428,000",2.5,"1,990",04/18/2005,700,Seattle,25.0,4
29525014061,S,COND,654 W Olympic Place #401,WA,"$335,000",2.0,"1,075",04/18/2005,700,Seattle,56.0,2
29625007525,S,COND,22 John St #J,WA,"$85,000",1.0,408,04/18/2005,700,Seattle,65.0,1
29725037112,S,RESI,315 W Galer St,WA,"$950,000",2.0,"3,350",04/19/2005,700,Seattle,,4
29825014238,S,RESI,222 W Roy St,WA,"$585,000",1.5,"1,880",04/19/2005,700,Seattle,110.0,2
30025016524,S,RESI,3245 42nd Ave W,WA,"$530,000",1.75,"1,660",04/19/2005,700,Seattle,17.0,3
30125005480,S,RESI,300 Valley St,WA,"$523,190",3.5,"1,381",04/19/2005,700,Seattle,1.0,3
30224142170,S,COND,900 Warren Ave N #401,WA,"$520,000",1.75,"1,216",04/19/2005,700,Seattle,4.0,2
30325019233,S,RESI,300 Valley St,WA,"$429,990",2.25,"1,353",04/19/2005,700,Seattle,10.0,3
30425007088,S,COND,2100 3rd Ave #1903,WA,"$349,000",1.75,976,04/19/2005,700,Seattle,66.0,2
30525027853,S,COND,3636 14th Ave W #203,WA,"$289,000",2.0,"1,309",04/19/2005,700,Seattle,29.0,2
30625023471,S,COND,720 Queen Anne Ave N #407,WA,"$230,000",1.0,618,04/19/2005,700,Seattle,4.0,0
30825035699,S,RESI,3414 W Dravus (quiet) St,WA,"$415,000",1.0,"1,340",04/20/2005,700,Seattle,3.0,3
31025030737,S,COND,18 Dravus St #408,WA,"$310,000",2.0,916,04/20/2005,700,Seattle,16.0,2
31125030623,S,COND,2040 Waverly Place N #105,WA,"$290,500",1.5,967,04/20/2005,700,Seattle,11.0,2
31225017555,S,COND,500 Aloha St #110,WA,"$217,000",1.0,596,04/20/2005,700,Seattle,15.0,1
31325039375,S,RESI,3044 44th Ave W,WA,"$745,000",2.5,"2,970",04/21/2005,700,Seattle,7.0,3
31525026677,S,RESI,2626 23rd Ave W,WA,"$497,900",2.25,"1,980",04/21/2005,700,Seattle,34.0,3
31625022921,S,COND,2205 Bigelow Ave N #12,WA,"$450,000",1.0,"1,010",04/21/2005,700,Seattle,7.0,2
31825020762,S,COND,18 Dravus St #304,WA,"$248,000",1.0,762,04/22/2005,700,Seattle,36.0,1
31925032653,S,COND,3423 W Government Wy #9,WA,"$247,000",1.5,960,04/22/2005,700,Seattle,9.0,2
32025032803,S,COND,2244 13th Ave W #212,WA,"$235,000",2.0,878,04/22/2005,700,Seattle,35.0,2
32125011707,S,COND,2530 15th Ave W #303,WA,"$144,000",1.0,682,04/22/2005,700,Seattle,227.0,1
32225019682,S,RESI,312 Prospect St,WA,"$1,000,000",3.75,"3,400",04/25/2005,700,Seattle,61.0,4
32325040454,S,RESI,5601 41st Ave W,WA,"$537,950",2.25,"1,800",04/25/2005,700,Seattle,5.0,3
32425023374,S,RESI,2835 31 Ave W,WA,"$536,000",2.0,"2,440",04/25/2005,700,Seattle,23.0,3
32525023312,S,RESI,2608 W Boston St,WA,"$535,000",2.0,"2,060",04/25/2005,700,Seattle,39.0,3
32625033679,S,RESI,3716 29th Ave W,WA,"$519,000",1.75,"2,560",04/25/2005,700,Seattle,6.0,4
32725023056,S,RESI,2435 34th Ave W,WA,"$445,000",3.0,"1,990",04/25/2005,700,Seattle,112.0,4
32824144961,S,COND,900 Warren Ave N #303,WA,"$431,000",1.75,"1,116",04/25/2005,700,Seattle,6.0,2
32925036362,S,COND,410 W Roy St #E406,WA,"$390,100",2.0,"1,071",04/25/2005,700,Seattle,22.0,2
33025035932,S,COND,526 W Mercer Place,WA,"$259,950",2.0,"1,100",04/25/2005,700,Seattle,16.0,2
33125042862,S,RESI,406 Galer St,WA,"$1,850,000",3.5,"4,100",04/26/2005,700,Seattle,22.0,5
33225037858,S,RESI,2307 Bigelow Avenue N.,WA,"$928,000",2.25,"2,820",04/26/2005,700,Seattle,9.0,5
33325048940,S,RESI,2550 1st Ave N,WA,"$759,000",1.75,"3,250",04/26/2005,700,Seattle,9.0,3
33425042070,S,RESI,3206 42nd Ave W,WA,"$725,000",1.5,"2,300",04/26/2005,700,Seattle,7.0,3
33525007257,S,RESI,1908 8th Ave W,WA,"$569,500",3.0,"1,900",04/26/2005,700,Seattle,137.0,3
33625036981,S,RESI,2516 27th Ave W,WA,"$491,000",1.75,"2,340",04/26/2005,700,Seattle,11.0,3
33725038344,S,COND,900 Aurora Ave N #S207,WA,"$347,000",2.0,"1,378",04/26/2005,700,Seattle,147.0,2
34125026318,S,COND,1415 6th Ave N #404,WA,"$650,000",2.0,"1,237",04/27/2005,700,Seattle,42.0,2
34225044910,S,RESI,1019 W. Fulton Street,WA,"$551,000",1.75,"1,980",04/27/2005,700,Seattle,7.0,3
34424097617,S,RESI,1820 5th Ave N #2-A,WA,"$456,000",2.5,"1,400",04/27/2005,700,Seattle,262.0,2
34525029013,S,RESI,3005 Perkins Lane W,WA,"$399,950",1.75,"1,310",04/27/2005,700,Seattle,31.0,2
34625034989,S,COND,2241 13 W #202,WA,"$351,000",2.0,"1,131",04/27/2005,700,Seattle,33.0,2
34725019907,S,COND,1504 Aurora Ave N #106,WA,"$189,500",1.0,600,04/27/2005,700,Seattle,77.0,1
34825040795,S,COND,420 Valley Street #305,WA,"$172,000",1.0,487,04/27/2005,700,Seattle,82.0,1
34925037175,S,COND,29 Etruria St #506,WA,"$167,500",1.0,580,04/27/2005,700,Seattle,21.0,1
35025034787,S,RESI,1902 1st Ave N,WA,"$925,000",2.5,"2,660",04/28/2005,700,Seattle,7.0,4
35125001210,S,RESI,1607 3rd Ave W,WA,"$654,000",2.5,"2,640",04/28/2005,700,Seattle,238.0,3
35224168062,S,RESI,300 W Halladay St,WA,"$630,000",3.25,"2,820",04/28/2005,700,Seattle,106.0,3
35325043183,S,RESI,3242 23rd Ave W,WA,"$536,000",3.0,"2,910",04/28/2005,700,Seattle,17.0,3
35424154485,S,RESI,2800 Bishop Place W,WA,"$505,000",1.75,"2,120",04/28/2005,700,Seattle,93.0,3
35525030591,S,RESI,655 W Emerson St #B,WA,"$397,888",3.5,"1,400",04/28/2005,700,Seattle,8.0,3
35625036640,S,RESI,3610 22nd Ave W,WA,"$349,500",2.5,"1,420",04/28/2005,700,Seattle,16.0,3
35725028969,S,RESI,1561 Magnolia Blvd W,WA,"$800,000",2.5,"2,940",04/29/2005,700,Seattle,40.0,3
35825019559,S,RESI,4515 W McLaren St,WA,"$751,000",3.75,"3,010",04/29/2005,700,Seattle,258.0,3
35925013674,S,RESI,2805 27th Ave W,WA,"$670,000",2.5,"2,480",04/29/2005,700,Seattle,69.0,3
36025030680,S,RESI,3228 35th Ave W,WA,"$600,000",3.0,"2,850",04/29/2005,700,Seattle,23.0,3
36125032905,S,RESI,3012 13th Ave W,WA,"$554,000",2.5,"2,470",04/29/2005,700,Seattle,18.0,4
36325017044,S,COND,1758 Dexter Ave N #8,WA,"$315,000",1.0,"1,144",04/29/2005,700,Seattle,37.0,2
36425034410,S,COND,2111 Waverly Place N #203,WA,"$271,000",2.0,833,04/29/2005,700,Seattle,22.0,2
36525024142,S,COND,120 1st Ave W #503,WA,"$282,000",1.0,622,04/30/2005,700,Seattle,42.0,1
36625042359,S,COND,3609 14th Ave W #302,WA,"$198,000",1.0,722,04/30/2005,700,Seattle,6.0,1
36725030142,S,RESI,2272 Viewmont Wy W,WA,"$629,000",1.75,"2,240",05/01/2005,700,Seattle,42.0,3
36825019049,S,RESI,511 W Comstock St,WA,"$1,490,000",4.0,"4,000",05/02/2005,700,Seattle,44.0,4
36925020600,S,RESI,816 Warren Ave N,WA,"$1,345,000",2.5,"3,770",05/02/2005,700,Seattle,208.0,3
37025032701,S,RESI,3235 42nd Ave W,WA,"$650,000",2.5,"3,080",05/02/2005,700,Seattle,13.0,3
37225041956,S,RESI,2560 25th Ave W,WA,"$561,000",1.75,"1,960",05/02/2005,700,Seattle,8.0,4
37325041624,S,RESI,109 Newell St,WA,"$457,000",2.0,"1,860",05/02/2005,700,Seattle,8.0,3
37424160018,S,COND,405 Prospect St #201,WA,"$446,000",2.0,"1,138",05/02/2005,700,Seattle,102.0,2
37525037108,S,COND,3700 25th Place W #303,WA,"$259,950",1.75,926,05/02/2005,700,Seattle,7.0,2
37625021088,S,COND,275 W Roy St #314,WA,"$240,900",1.0,728,05/02/2005,700,Seattle,48.0,2
37725012953,S,RESI,3221 42nd Ave W,WA,"$1,309,000",2.5,"4,040",05/03/2005,700,Seattle,18.0,3
37825034763,S,RESI,1537 Thorndyke Ave W,WA,"$635,000",2.0,"2,870",05/03/2005,700,Seattle,21.0,4
37925007137,S,RESI,414 W Armour St,WA,"$608,000",3.0,"2,110",05/03/2005,700,Seattle,74.0,3
38025030975,S,COND,2420 8th Ave N #105,WA,"$595,000",2.0,"1,565",05/03/2005,700,Seattle,7.0,3
38125037855,S,RESI,211 W Boston St,WA,"$575,000",1.75,"2,410",05/03/2005,700,Seattle,5.0,3
38225019268,S,RESI,300 Valley St,WA,"$459,115",2.25,"1,297",05/03/2005,700,Seattle,11.0,3
38325019089,S,RESI,300 Valley St,WA,"$449,990",2.25,"1,357",05/03/2005,700,Seattle,,3
38425030966,S,COND,530 4th Ave W #309,WA,"$434,950",1.75,"1,113",05/03/2005,700,Seattle,8.0,2
38525031992,S,RESI,2572 3rd Ave W,WA,"$380,000",1.0,"1,140",05/03/2005,700,Seattle,47.0,2
38625038593,S,RESI,4324 31st Ave W,WA,"$365,000",1.5,"1,710",05/03/2005,700,Seattle,16.0,2
38725031140,S,COND,655 Crockett St #A102,WA,"$359,990",1.0,"1,214",05/03/2005,700,Seattle,25.0,1
38824150850,S,COND,507 W Mercer St #704,WA,"$215,000",1.0,728,05/03/2005,700,Seattle,171.0,1
38925005209,S,RESI,3528 W Lawton Cir,WA,"$1,075,000",2.5,"3,902",05/04/2005,700,Seattle,391.0,3
39025022972,S,RESI,3404 27th Ave W,WA,"$900,000",2.75,"4,480",05/04/2005,700,Seattle,72.0,5
39125023363,S,RESI,103 Crockett,WA,"$845,000",1.75,"3,210",05/04/2005,700,Seattle,22.0,4
39225016364,S,RESI,110 W Smith,WA,"$839,000",2.75,"2,600",05/04/2005,700,Seattle,44.0,3
39325023933,S,RESI,1506 3rd Ave W,WA,"$540,000",1.0,"3,030",05/04/2005,700,Seattle,16.0,2
39425037728,S,RESI,937 W Emerson,WA,"$470,000",2.0,"1,640",05/04/2005,700,Seattle,21.0,2
39525035841,S,RESI,3252 33rd Ave W,WA,"$390,000",1.75,"2,080",05/04/2005,700,Seattle,13.0,2
39624141700,S,COND,900 Warren Ave N #104,WA,"$389,990",1.75,"1,207",05/04/2005,700,Seattle,18.0,2
39725047688,S,COND,18 Dravus St #102,WA,"$281,000",1.75,"1,084",05/04/2005,700,Seattle,5.0,2
39825021602,S,COND,3700 26th Place W #301,WA,"$269,900",1.75,"1,310",05/04/2005,700,Seattle,207.0,3
39925027086,S,COND,1008 6th Ave N #302,WA,"$580,000",2.25,"1,354",05/05/2005,700,Seattle,18.0,2
40125037298,S,RESI,3023 22 Ave W,WA,"$400,000",1.75,"1,980",05/05/2005,700,Seattle,6.0,2
40325007430,S,COND,526 1st Ave S #318,WA,"$310,000",1.0,"1,113",05/05/2005,700,Seattle,86.0,2
40425004255,S,RESI,1500 Magnolia Wy W,WA,"$865,000",2.75,"3,170",05/06/2005,700,Seattle,59.0,2
40525021969,S,RESI,2217 Bigelow Ave. N.,WA,"$769,000",2.75,"2,170",05/06/2005,700,Seattle,56.0,3
40625021998,S,RESI,3055 26th Ave W,WA,"$610,000",1.75,"2,800",05/06/2005,700,Seattle,52.0,4
40724145111,S,COND,3100 W Commodore Wy #106,WA,"$575,000",2.0,"1,526",05/06/2005,700,Seattle,155.0,2
40825023286,S,RESI,522 W Crockett,WA,"$460,000",1.75,"2,000",05/06/2005,700,Seattle,53.0,3
40925032339,S,RESI,2806 23rd Ave W,WA,"$431,000",1.75,"1,780",05/06/2005,700,Seattle,5.0,2
41025040102,S,COND,2253 Gilman Dr W #202,WA,"$236,500",1.75,"1,045",05/06/2005,700,Seattle,61.0,2
41125017643,S,RESI,2556 29th Ave W,WA,"$988,000",3.5,"3,506",05/09/2005,700,Seattle,196.0,4
41225005311,S,RESI,3508 W Lawton Cir,WA,"$860,000",3.5,"3,736",05/09/2005,700,Seattle,405.0,4
41325044957,S,RESI,3053 32nd Ave W,WA,"$488,000",2.75,"2,600",05/09/2005,700,Seattle,13.0,3
41425010715,S,COND,326 Queen Anne Ave N #601,WA,"$365,000",2.0,877,05/09/2005,700,Seattle,200.0,2
41525031091,S,COND,2530 15th Ave W #602,WA,"$327,500",2.0,"1,304",05/09/2005,700,Seattle,39.0,2
41625042131,S,RESI,3428 23rd Ave W,WA,"$279,950",1.5,"1,230",05/09/2005,700,Seattle,20.0,2
41725045633,S,COND,3722 27th Place W #203,WA,"$189,000",1.0,750,05/09/2005,700,Seattle,2.0,1
41825042441,S,RESI,2900 27 Ave W,WA,"$975,000",3.0,"4,400",05/10/2005,700,Seattle,15.0,4
42025034393,S,COND,701 Galer St #608,WA,"$339,950",2.25,"1,351",05/10/2005,700,Seattle,17.0,2
42225051751,S,RESI,2718 W Blaine,WA,"$400,000",1.0,"1,980",05/11/2005,700,Seattle,3.0,2
42325033993,S,COND,500 W Roy St #309,WA,"$350,000",2.0,"1,031",05/11/2005,700,Seattle,30.0,2
42425048736,S,RESI,3222 36 Ave W,WA,"$349,999",1.0,"1,600",05/11/2005,700,Seattle,7.0,3
42525044480,S,COND,2500 W Manor Place #216,WA,"$252,000",1.75,"1,165",05/11/2005,700,Seattle,24.0,2
42625047700,S,COND,1401 5th Ave W #304,WA,"$220,000",1.0,595,05/11/2005,700,Seattle,70.0,0
42725049647,S,RESI,1611 5 th Ave W,WA,"$538,000",1.5,"2,320",05/12/2005,700,Seattle,7.0,2
42824114057,S,COND,326 Queen Anne Ave N #305,WA,"$353,000",2.0,"1,078",05/12/2005,700,Seattle,258.0,2
42925026788,S,COND,500 Aloha St #101,WA,"$230,000",1.0,560,05/12/2005,700,Seattle,26.0,1
43025045572,S,RESI,1712 1st Ave N,WA,"$495,000",1.0,"1,950",05/13/2005,700,Seattle,8.0,2
43125002060,S,COND,1965 12 Ave W #401,WA,"$295,000",1.75,"1,052",05/13/2005,700,Seattle,162.0,2
43225035874,S,RESI,914 W Newell St,WA,"$759,000",1.75,"1,760",05/14/2005,700,Seattle,7.0,3
43325048918,S,RESI,2635 34th Ave W,WA,"$620,000",2.5,"3,000",05/14/2005,700,Seattle,6.0,5
43425025775,S,RESI,919 W Newell St,WA,"$572,000",2.0,"2,350",05/14/2005,700,Seattle,60.0,4
43525013886,S,COND,511 Ward St #1,WA,"$619,000",2.75,"1,955",05/16/2005,700,Seattle,57.0,3
43625041699,S,RESI,451 Crockett St,WA,"$592,500",2.5,"3,270",05/16/2005,700,Seattle,26.0,6
43725030244,S,RESI,3432 22nd Ave W #B,WA,"$389,000",3.5,"1,700",05/16/2005,700,Seattle,12.0,3
43825008122,S,COND,900 Aurora Ave N #S-202,WA,"$319,950",2.0,"1,063",05/16/2005,700,Seattle,80.0,2
43925037880,S,COND,415 W Mercer St #1101,WA,"$860,500",1.75,"3,002",05/17/2005,700,Seattle,18.0,2
44025013729,S,RESI,2915 24th Ave West,WA,"$799,950",3.5,"3,812",05/17/2005,700,Seattle,142.0,6
44125048521,S,RESI,1709 2nd Ave N,WA,"$545,000",1.0,"1,850",05/17/2005,700,Seattle,5.0,2
44325046008,S,RESI,1003 W Garfield St,WA,"$382,000",1.0,"1,030",05/17/2005,700,Seattle,9.0,3
44425048939,S,COND,2530 15th Ave W #509,WA,"$156,900",1.0,567,05/17/2005,700,Seattle,5.0,1
44625052280,S,COND,1001 2nd Ave W #201,WA,"$450,000",1.75,"1,317",05/18/2005,700,Seattle,8.0,2
44725041424,S,COND,3601 24th Ave W #303,WA,"$170,000",1.0,706,05/18/2005,700,Seattle,15.0,1
44825042031,S,RESI,2872 29th Ave W,WA,"$656,500",1.75,"3,140",05/19/2005,700,Seattle,12.0,5
44925024794,S,RESI,2542 31st Ave W,WA,"$599,000",2.0,"2,230",05/19/2005,700,Seattle,41.0,2
45125057100,S,COND,619 5th Ave W #501,WA,"$365,000",1.75,"1,163",05/19/2005,700,Seattle,22.0,2
45224158466,S,RESI,3629 23rd Ave W,WA,"$333,000",1.0,910,05/19/2005,700,Seattle,102.0,3
45325039034,S,COND,1312 6th Ave N #11,WA,"$219,000",1.0,465,05/19/2005,700,Seattle,6.0,1
45425056613,S,COND,769 Hayes St #302,WA,"$208,000",2.0,769,05/19/2005,700,Seattle,2.0,2
45525014997,S,COND,2450 Dexter Ave N #102,WA,"$170,000",1.0,640,05/19/2005,700,Seattle,37.0,1
45625045060,S,RESI,3648 W Lawton St,WA,"$1,050,000",3.25,"3,120",05/20/2005,700,Seattle,11.0,5
45725011012,S,RESI,3740 W Commodore Wy W,WA,"$869,000",2.5,"3,000",05/20/2005,700,Seattle,72.0,4
45825003363,S,RESI,1209 5th (quiet part) Ave N,WA,"$675,000",3.25,"2,360",05/20/2005,700,Seattle,98.0,2
45925051396,S,RESI,3832 33rd Ave W,WA,"$633,000",2.5,"2,747",05/20/2005,700,Seattle,6.0,3
46025040138,S,RESI,3295 Conkling Place W,WA,"$625,000",2.0,"3,120",05/20/2005,700,Seattle,4.0,5
46125036820,S,RESI,2541 10th Ave W,WA,"$599,000",2.75,"2,740",05/20/2005,700,Seattle,17.0,4
46325043918,S,RESI,1234 W Bothwell St,WA,"$450,000",1.75,"2,420",05/20/2005,700,Seattle,9.0,4
46425049703,S,RESI,3032 23rd Ave W,WA,"$428,000",1.0,"1,420",05/20/2005,700,Seattle,10.0,2
46625045968,S,COND,115 W Galer St #301,WA,"$329,000",1.5,919,05/20/2005,700,Seattle,7.0,2
46725024326,S,COND,1015 W Nickerson St #333,WA,"$175,000",1.0,674,05/20/2005,700,Seattle,59.0,1
46824152596,S,RESI,2915 W Mansell St,WA,"$745,000",1.0,"1,060",05/21/2005,700,Seattle,148.0,0
46925030158,S,COND,1504 Aurora Ave N #212,WA,"$259,000",1.75,981,05/21/2005,700,Seattle,27.0,2
47024127231,S,RESI,2621 Magnolia Lane W,WA,"$1,020,000",3.25,"3,240",05/23/2005,700,Seattle,207.0,3
47125059969,S,RESI,510 W. Crockett Street,WA,"$741,000",1.5,"2,970",05/23/2005,700,Seattle,6.0,4
47225025915,S,RESI,1947 5th Ave W,WA,"$599,000",1.75,"1,750",05/23/2005,700,Seattle,52.0,3
47325033846,S,RESI,3226 12th Ave W,WA,"$538,000",1.5,"1,760",05/23/2005,700,Seattle,46.0,2
47425019104,S,RESI,803 3rd Ave N,WA,"$474,990",2.75,"1,343",05/23/2005,700,Seattle,64.0,3
47525055709,S,COND,655 Crockett St #A501,WA,"$389,990",1.0,794,05/23/2005,700,Seattle,2.0,1
47625024649,S,COND,120 1st Ave W #402,WA,"$229,500",1.0,466,05/23/2005,700,Seattle,58.0,1
47725052682,S,COND,2530 15th Ave W #306,WA,"$155,000",1.0,635,05/23/2005,700,Seattle,15.0,1
47825053306,S,RESI,2518 30th Ave W,WA,"$578,000",1.75,"2,000",05/24/2005,700,Seattle,6.0,3
47925046080,S,RESI,2517 28th Ave W,WA,"$400,000",1.0,970,05/24/2005,700,Seattle,17.0,2
48225026311,S,RESI,3432 22nd Ave W #a,WA,"$389,000",2.5,"1,900",05/24/2005,700,Seattle,15.0,3
48325050450,S,COND,17 W Mercer St #204,WA,"$318,500",1.0,819,05/24/2005,700,Seattle,9.0,1
48425056535,S,COND,1965 12th Ave W #102,WA,"$241,500",1.0,998,05/24/2005,700,Seattle,11.0,1
48525041509,S,COND,1300 W Boston St #23,WA,"$179,000",1.0,653,05/24/2005,700,Seattle,13.0,1
48625034278,S,COND,507 W Mercer St #203,WA,"$176,000",1.0,551,05/24/2005,700,Seattle,38.0,1
48725057744,S,COND,120 1st Ave W #303,WA,"$171,950",1.0,400,05/24/2005,700,Seattle,13.0,0
48825041570,S,RESI,2140 8th Ave W,WA,"$960,000",3.5,"3,000",05/25/2005,700,Seattle,29.0,4
48924028806,S,COND,1414 1st Ave W #502,WA,"$925,000",3.0,"2,267",05/25/2005,700,Seattle,368.0,3
49025056165,S,RESI,4012 35th Ave W,WA,"$427,500",1.75,"2,010",05/25/2005,700,Seattle,8.0,3
49124167876,S,COND,1401 5th Ave W #103,WA,"$325,000",1.0,"1,120",05/25/2005,700,Seattle,235.0,1
49325007428,S,COND,133 Queen Anne Ave N #605,WA,"$227,000",1.0,531,05/25/2005,700,Seattle,315.0,0
49425044786,S,COND,1825 10th Ave W #A,WA,"$629,000",2.5,"1,590",05/26/2005,700,Seattle,17.0,3
49525048087,S,COND,701 Galer St #202,WA,"$294,700",1.75,844,05/26/2005,700,Seattle,3.0,2
49625031815,S,COND,7 Harrison St #38,WA,"$180,500",1.0,650,05/26/2005,700,Seattle,45.0,1
49925032809,S,RESI,2803 Magnolia Blvd W,WA,"$1,650,000",2.5,"3,480",05/27/2005,700,Seattle,4.0,4
50025035353,S,RESI,3217 12th Ave W,WA,"$765,000",2.5,"2,769",05/27/2005,700,Seattle,7.0,3
50125025462,S,RESI,3029 25th Ave W,WA,"$720,000",3.25,"2,880",05/27/2005,700,Seattle,75.0,4
50225051642,S,RESI,3209 W Emerson St,WA,"$479,900",1.75,"2,300",05/27/2005,700,Seattle,45.0,4
50325032842,S,RESI,3606 22nd Ave W,WA,"$362,000",3.25,"1,420",05/27/2005,700,Seattle,61.0,3
50425057213,S,COND,123 Queen Anne Ave N #603,WA,"$172,000",1.0,420,05/27/2005,700,Seattle,9.0,0
50525047915,S,RESI,2453 43rd Ave W,WA,"$1,500,000",3.0,"3,130",05/31/2005,700,Seattle,7.0,4
50625007739,S,COND,100 W Highland Dr #102,WA,"$605,000",1.75,"1,419",05/31/2005,700,Seattle,53.0,2
50725033910,S,RESI,1711 29th Ave W,WA,"$535,000",1.5,"2,500",05/31/2005,700,Seattle,195.0,3
50925054340,S,COND,522 W Mercer #403,WA,"$394,900",1.75,"1,159",05/31/2005,700,Seattle,4.0,2
51025039350,S,COND,530 4th Ave W #508,WA,"$382,000",1.0,707,05/31/2005,700,Seattle,48.0,1
51125038945,S,COND,2221 Gilman Dr W #301,WA,"$349,950",2.0,"1,328",05/31/2005,700,Seattle,52.0,2
51225053178,S,COND,507 W Mercer St #601,WA,"$343,000",1.75,955,05/31/2005,700,Seattle,10.0,1
51325058721,S,COND,1011 5th Ave N #304,WA,"$283,000",1.0,798,05/31/2005,700,Seattle,10.0,1
51425051587,S,COND,174 Florentia St #302,WA,"$179,000",1.0,573,05/31/2005,700,Seattle,5.0,1
51525042027,S,RESI,2464 4th Ave N,WA,"$639,000",1.75,"2,240",06/01/2005,700,Seattle,43.0,3
51625057133,S,RESI,706 W Halladay St,WA,"$475,000",2.0,"2,200",06/01/2005,700,Seattle,9.0,4
51724109583,S,COND,2551 Thorndyke Ave W #401,WA,"$419,900",2.0,"1,335",06/01/2005,700,Seattle,250.0,2
51825055912,S,COND,1300 W Boston St #36,WA,"$265,000",1.0,"1,038",06/01/2005,700,Seattle,8.0,2
51924006257,S,RESI,317 W Highland Dr,WA,"$3,000,000",3.75,"4,350",06/02/2005,700,Seattle,126.0,3
52025055979,S,RESI,2916 W Garfield St,WA,"$840,000",3.5,"3,490",06/02/2005,700,Seattle,13.0,5
52125052544,S,COND,907 Warren Ave N #204,WA,"$685,000",2.0,"1,698",06/02/2005,700,Seattle,9.0,3
52225045366,S,RESI,2904 24th Ave W,WA,"$600,000",2.5,"2,850",06/02/2005,700,Seattle,14.0,4
52325049449,S,RESI,3533 43rd Ave W,WA,"$570,000",1.75,"2,340",06/02/2005,700,Seattle,4.0,3
52425052347,S,RESI,302 W Garfield St,WA,"$562,500",1.75,"2,210",06/02/2005,700,Seattle,11.0,3
52525017913,S,RESI,110 Florentia St,WA,"$469,000",3.0,"2,320",06/02/2005,700,Seattle,23.0,3
52625047301,S,RESI,8 W Fulton St,WA,"$440,000",1.75,"1,610",06/02/2005,700,Seattle,19.0,2
52825063089,S,COND,3604 26th Place W #102,WA,"$243,000",1.75,"1,316",06/02/2005,700,Seattle,15.0,2
52925034530,S,COND,965 W Nickerson #23,WA,"$216,750",1.0,993,06/02/2005,700,Seattle,70.0,1
53025051589,S,COND,4201 35th Ave W #301,WA,"$190,000",1.0,787,06/02/2005,700,Seattle,22.0,2
53125055377,S,COND,1800 Taylor Ave N #201,WA,"$185,500",1.0,574,06/02/2005,700,Seattle,3.0,1
53225027407,S,RESI,3620 12th Ave W,WA,"$725,000",3.5,"2,698",06/03/2005,700,Seattle,71.0,4
53325057557,S,RESI,3426 A 34th Ave W,WA,"$429,000",3.0,"1,379",06/03/2005,700,Seattle,23.0,3
53425019072,S,RESI,300 Valley St,WA,"$424,990",2.25,"1,352",06/03/2005,700,Seattle,34.0,3
53525059237,S,COND,521 5th Ave W #304,WA,"$299,950",1.0,716,06/03/2005,700,Seattle,4.0,1
53625055503,S,COND,655 Crockett St #A505,WA,"$278,000",1.0,644,06/03/2005,700,Seattle,6.0,1
53725066481,S,COND,1250 Taylor Ave N #104,WA,"$235,000",1.0,882,06/03/2005,700,Seattle,4.0,1
53925027493,S,RESI,2827 Prosch Ave W,WA,"$399,950",2.5,"1,910",06/04/2005,700,Seattle,76.0,3
54025057625,S,RESI,3426 B 34th Ave W,WA,"$424,000",3.0,"1,379",06/06/2005,700,Seattle,30.0,3
54125059749,S,COND,3216 14th Ave W #205,WA,"$245,000",1.5,785,06/06/2005,700,Seattle,13.0,2
54225058768,S,RESI,2100 Nob Hill Ave N,WA,"$725,000",2.25,"2,770",06/07/2005,700,Seattle,25.0,3
54325050927,S,RESI,4072 Burton Place W,WA,"$366,874",2.25,"1,980",06/07/2005,700,Seattle,201.0,2
54425026447,S,COND,924 W Emerson St #936 C,WA,"$315,000",1.75,"1,335",06/07/2005,700,Seattle,83.0,2
54525071951,S,RESI,3406 37th Ave W,WA,"$810,000",2.5,"2,560",06/08/2005,700,Seattle,4.0,3
54625057286,S,RESI,1602 5th Ave N,WA,"$800,000",1.75,"2,840",06/08/2005,700,Seattle,11.0,3
54725059970,S,RESI,4514 33rd Ave W,WA,"$795,000",1.75,"3,160",06/08/2005,700,Seattle,12.0,4
54825056602,S,RESI,2211 26th Ave W,WA,"$727,000",1.75,"2,740",06/08/2005,700,Seattle,10.0,4
54925026607,S,RESI,1922 12th Ave W,WA,"$519,250",3.0,"1,801",06/08/2005,700,Seattle,40.0,3
55025037938,S,RESI,3411 31st Ave W,WA,"$460,000",2.0,"2,330",06/08/2005,700,Seattle,22.0,3
55125057245,S,RESI,3012 B 21st Ave W,WA,"$459,950",3.25,"1,709",06/08/2005,700,Seattle,20.0,3
55225052895,S,COND,1629 Queen Anne Ave N #402,WA,"$383,000",2.0,"1,033",06/08/2005,700,Seattle,37.0,2
55325047089,S,COND,550 Aloha St #104,WA,"$299,000",1.75,979,06/08/2005,700,Seattle,25.0,2
55425036292,S,COND,3216 14th Ave W #206,WA,"$235,000",1.5,792,06/08/2005,700,Seattle,65.0,4
55524154315,S,RESI,2033 36th Ave W,WA,"$1,087,500",3.5,"3,160",06/09/2005,700,Seattle,130.0,4
55625044004,S,RESI,806 W Fulton St,WA,"$775,000",2.5,"2,880",06/09/2005,700,Seattle,6.0,4
55725054422,S,RESI,3257 26th Ave W,WA,"$700,000",2.5,"3,260",06/09/2005,700,Seattle,18.0,4
55825037332,S,RESI,2125 Montvale Place W,WA,"$679,900",1.75,"2,920",06/09/2005,700,Seattle,19.0,3
55925062547,S,RESI,2637 Mayfair Ave N,WA,"$575,000",1.75,"2,300",06/09/2005,700,Seattle,5.0,3
56025048208,S,COND,2841 14th Ave W #102,WA,"$350,000",1.75,"1,222",06/09/2005,700,Seattle,42.0,2
56125049472,S,COND,275 W Roy St #311,WA,"$210,000",1.0,589,06/09/2005,700,Seattle,14.0,1
56225066999,S,RESI,2515 26th Ave W,WA,"$702,000",2.25,"3,460",06/10/2005,700,Seattle,5.0,4
56625038271,S,RESI,1912 9th Ave W,WA,"$470,000",3.5,"1,840",06/10/2005,700,Seattle,67.0,3
56725052453,S,RESI,4221 27th Ave W,WA,"$399,500",1.75,"1,540",06/10/2005,700,Seattle,70.0,3
56825039346,S,COND,612 Prospect St #001,WA,"$155,000",1.0,670,06/10/2005,700,Seattle,106.0,1
56925026749,S,RESI,3018 25th Ave W,WA,"$415,000",2.0,"1,980",06/12/2005,700,Seattle,39.0,4
57125062637,S,COND,17 W Mercer St #8,WA,"$515,000",2.5,"1,500",06/13/2005,700,Seattle,8.0,2
57225064376,S,RESI,4312 30th Ave W,WA,"$401,800",1.5,"1,800",06/13/2005,700,Seattle,9.0,3
57325057773,S,COND,500 W Olympic Place #305,WA,"$385,000",1.5,"1,000",06/13/2005,700,Seattle,31.0,2
57425058616,S,COND,521 5th Ave W #302,WA,"$349,000",1.0,908,06/13/2005,700,Seattle,5.0,1
57525048813,S,COND,900 Aurora Ave N #205,WA,"$315,000",2.0,"1,137",06/13/2005,700,Seattle,47.0,2
57624006359,S,COND,317 W Highland Dr,WA,"$3,000,000",3.75,"4,350",06/14/2005,700,Seattle,129.0,3
57725064492,S,RESI,2648 40th Ave W,WA,"$800,000",1.75,"3,080",06/14/2005,700,Seattle,12.0,2
57825049208,S,RESI,1825 10th Ave W #A,WA,"$629,000",2.5,"1,590",06/14/2005,700,Seattle,17.0,3
57925057304,S,COND,655 Crockett St #A402,WA,"$307,990",1.0,785,06/14/2005,700,Seattle,4.0,1
58225068204,S,RESI,4411 Williams Ave W,WA,"$530,000",1.5,"2,090",06/15/2005,700,Seattle,10.0,3
58325057451,S,RESI,2209 12th Ave W,WA,"$475,000",2.0,"2,200",06/15/2005,700,Seattle,9.0,4
58425055174,S,COND,1909 10th Ave W #101,WA,"$375,000",1.5,890,06/15/2005,700,Seattle,27.0,2
58525063720,S,COND,2506 32nd Ave W #4,WA,"$287,000",1.0,"1,209",06/15/2005,700,Seattle,8.0,3
58625069108,S,COND,123 Queen Anne Ave N #303,WA,"$175,000",1.0,458,06/15/2005,700,Seattle,7.0,0
58725040427,S,RESI,656 W Galer St,WA,"$1,690,000",3.5,"3,750",06/16/2005,700,Seattle,31.0,3
58825069112,S,RESI,2507 1st Ave W,WA,"$725,000",1.5,"2,480",06/16/2005,700,Seattle,7.0,3
59025063297,S,RESI,5237 21st Ave NE,WA,"$465,000",2.5,"2,330",06/16/2005,700,Seattle,30.0,3
59125059171,S,COND,348 W Olympic Place #102,WA,"$339,000",1.0,894,06/16/2005,700,Seattle,13.0,1
59225062602,S,COND,1746 NW 57th St #301,WA,"$315,000",1.75,971,06/16/2005,700,Seattle,28.0,2
59325061398,S,RESI,2000 Westlake Ave N ##24,WA,"$234,500",1.0,950,06/16/2005,700,Seattle,7.0,2
59425054912,S,COND,29 Etruria St #A201,WA,"$175,000",1.0,567,06/16/2005,700,Seattle,4.0,1
59525049374,S,COND,123 Queen Anne Ave N #209,WA,"$159,000",1.0,458,06/16/2005,700,Seattle,45.0,0
59625061173,S,RESI,3408 30th Ave W,WA,"$924,900",3.25,"3,570",06/17/2005,700,Seattle,20.0,4
59725070871,S,RESI,3047 13th Ave W,WA,"$415,000",1.75,"2,040",06/17/2005,700,Seattle,5.0,3
59825055333,S,COND,123 Queen Anne #511,WA,"$253,000",1.0,595,06/17/2005,700,Seattle,20.0,1
60225052356,S,RESI,3607 W Commodore Wy,WA,"$950,000",2.5,"1,930",06/19/2005,700,Seattle,7.0,2
60425024132,S,COND,530 4th Ave W #405,WA,"$295,000",1.0,846,06/19/2005,700,Seattle,23.0,2
60525068748,S,COND,2219 14th Ave W #403,WA,"$292,000",1.75,"1,050",06/19/2005,700,Seattle,21.0,2
60725068337,S,RESI,720 W Etruria St,WA,"$634,000",1.75,"2,590",06/20/2005,700,Seattle,8.0,3
60825051602,S,RESI,2703 W Raye St,WA,"$599,000",3.0,"2,900",06/20/2005,700,Seattle,18.0,4
60925065486,S,COND,719 2nd Ave W #201,WA,"$575,000",2.0,"1,335",06/20/2005,700,Seattle,2.0,2
61025055224,S,RESI,1607 5th Ave W,WA,"$531,000",1.75,"2,700",06/20/2005,700,Seattle,45.0,4
61225063044,S,RESI,2324 W Crockett St,WA,"$449,950",2.0,"1,880",06/20/2005,700,Seattle,12.0,3
61325048431,S,RESI,3012 A 21st Ave W,WA,"$449,950",3.5,"1,709",06/20/2005,700,Seattle,36.0,3
61425052363,S,COND,515 1st Ave W #401,WA,"$439,000",1.75,"1,161",06/20/2005,700,Seattle,55.0,2
61525058075,S,RESI,1209 W Howe St,WA,"$398,000",1.0,"1,610",06/20/2005,700,Seattle,41.0,2
61625064777,S,RESI,3218 32 Ave W,WA,"$363,000",1.0,810,06/20/2005,700,Seattle,7.0,2
61725067169,S,RESI,3806 Parkmont Place W,WA,"$847,000",2.0,"3,560",06/21/2005,700,Seattle,7.0,4
61825026916,S,RESI,2003 Condon Wy W,WA,"$790,000",3.0,"3,800",06/21/2005,700,Seattle,81.0,5
61925048758,S,RESI,2654 W Lynn St,WA,"$605,000",2.5,"3,440",06/21/2005,700,Seattle,7.0,4
62025051360,S,RESI,3219 Conkling Place W,WA,"$599,000",1.75,"2,480",06/21/2005,700,Seattle,32.0,3
62125058589,S,RESI,1922 A 11th Ave W,WA,"$425,000",2.25,"1,324",06/21/2005,700,Seattle,39.0,3
62225030368,S,RESI,2022 14th Ave W,WA,"$295,000",1.5,"1,010",06/21/2005,700,Seattle,47.0,2
62325066721,S,COND,2034 14th Ave W #104,WA,"$188,000",1.0,669,06/21/2005,700,Seattle,25.0,1
62525066395,S,RESI,3818 32nd Ave W,WA,"$371,950",1.0,940,06/22/2005,700,Seattle,5.0,3
62625054532,S,COND,1001 Queen Anne Ave N #303,WA,"$339,000",1.5,"1,258",06/22/2005,700,Seattle,29.0,2
62725060554,S,COND,3839 25th Ave W #6B,WA,"$319,000",1.5,"1,662",06/22/2005,700,Seattle,16.0,2
62825068828,S,COND,2510 Manor Place W #412,WA,"$207,500",1.0,765,06/22/2005,700,Seattle,12.0,1
63325050151,S,COND,655 Crockett St #A408,WA,"$411,000",2.0,966,06/23/2005,700,Seattle,46.0,1
63425054882,S,RESI,3044 25th Ave W,WA,"$769,950",3.5,"3,190",06/24/2005,700,Seattle,17.0,5
63525059698,S,RESI,2927 3rd Ave N,WA,"$697,500",2.75,"3,140",06/24/2005,700,Seattle,15.0,3
63625035891,S,COND,2020 12th Ave W,WA,"$590,000",2.5,"2,170",06/24/2005,700,Seattle,91.0,3
63725032021,S,RESI,2020 12th Ave W,WA,"$590,000",2.5,"2,170",06/24/2005,700,Seattle,91.0,3
63825044522,S,COND,18 Dravus St #204,WA,"$240,000",1.0,726,06/24/2005,700,Seattle,50.0,1
63925076997,S,COND,2530 15 Ave W #308,WA,"$140,000",1.0,499,06/24/2005,700,Seattle,86.0,0
64025076196,S,COND,29 Etruria St #408,WA,"$200,000",1.0,653,06/25/2005,700,Seattle,11.0,1
64125056415,S,RESI,2420 30th Ave W,WA,"$635,000",2.75,"2,915",06/26/2005,700,Seattle,11.0,4
64225072815,S,COND,1312 6th Ave N #10,WA,"$190,000",1.75,500,06/26/2005,700,Seattle,2.0,1
64425060091,S,RESI,2643 31 Ave W,WA,"$505,000",2.5,"1,880",06/27/2005,700,Seattle,38.0,4
64525057600,S,RESI,3424 A 34th Ave W,WA,"$425,000",3.0,"1,392",06/27/2005,700,Seattle,35.0,3
64625064995,S,RESI,3319 8th Ave W,WA,"$405,000",1.0,"2,620",06/27/2005,700,Seattle,1.0,3
64725061790,S,RESI,57 W Dravus St,WA,"$297,000",1.0,750,06/27/2005,700,Seattle,70.0,2
64825038779,S,COND,900 Aurora Ave N #S-408,WA,"$241,000",1.0,873,06/27/2005,700,Seattle,70.0,1
65025066228,S,COND,1417 Queen Anne Ave N #204,WA,"$265,000",1.0,736,06/28/2005,700,Seattle,13.0,1
65125075120,S,COND,123 Queen Anne Ave N #306,WA,"$251,000",1.0,597,06/28/2005,700,Seattle,7.0,1
65225073210,S,COND,1909 10th Ave W #206,WA,"$237,500",1.0,591,06/28/2005,700,Seattle,20.0,1
65325052273,S,RESI,3222 12th Ave W,WA,"$718,000",3.0,"2,490",06/29/2005,700,Seattle,46.0,4
65425064370,S,RESI,3718 W Dravus St,WA,"$634,000",1.75,"2,670",06/29/2005,700,Seattle,39.0,4
65525058743,S,RESI,2539 10TH Ave W,WA,"$569,000",1.5,"2,580",06/29/2005,700,Seattle,47.0,3
65625055569,S,COND,655 Crockett St #A302,WA,"$292,990",1.0,787,06/29/2005,700,Seattle,37.0,1
65725069761,S,RESI,2814 W Eaton St,WA,"$1,050,000",2.75,"3,012",06/30/2005,700,Seattle,131.0,3
65925071201,S,RESI,1923 Warren Ave North,WA,"$675,000",1.75,"1,980",06/30/2005,700,Seattle,12.0,2
66025064163,S,COND,610 Aloha St,WA,"$599,000",3.25,"3,000",06/30/2005,700,Seattle,16.0,3
66125079965,S,COND,1615 4th Ave W #4,WA,"$418,000",1.0,"1,235",06/30/2005,700,Seattle,13.0,2
66325072296,S,COND,4309 34 Ave W #103,WA,"$305,000",1.75,885,06/30/2005,700,Seattle,23.0,2
66425072366,S,COND,720 Queen Anne Ave N #202,WA,"$262,000",0.75,655,06/30/2005,700,Seattle,4.0,1
66525073807,S,COND,2213 Boylston Ave E,WA,"$195,000",1.0,785,06/30/2005,700,Seattle,90.0,2
66625058953,S,COND,519 W Roy St #402,WA,"$158,000",1.0,460,06/30/2005,700,Seattle,25.0,0
66725076070,S,RESI,1611 3rd Ave W,WA,"$703,000",1.5,"1,850",07/01/2005,700,Seattle,8.0,3
66825076301,S,RESI,2630 Mayfair Ave N,WA,"$625,000",2.25,"2,832",07/01/2005,700,Seattle,12.0,2
66925065038,S,RESI,1809 5th Ave W,WA,"$585,000",1.0,"2,043",07/01/2005,700,Seattle,9.0,2
67025072050,S,COND,1231 5th Ave N #101,WA,"$525,000",2.0,"1,207",07/01/2005,700,Seattle,11.0,2
67125086027,S,RESI,1946 6th Ave W,WA,"$499,922",1.0,"2,020",07/01/2005,700,Seattle,54.0,3
67225063907,S,RESI,3114 W Elmore St,WA,"$488,000",2.5,"2,200",07/01/2005,700,Seattle,8.0,3
67325070019,S,COND,655 Crockett St #A301,WA,"$394,990",2.0,988,07/01/2005,700,Seattle,25.0,1
67425072283,S,COND,520 2nd Ave W #102,WA,"$315,000",1.75,857,07/01/2005,700,Seattle,17.0,2
67525057335,S,COND,655 Crockett St #A404,WA,"$283,720",1.0,677,07/01/2005,700,Seattle,37.0,1
67625057344,S,COND,655 Crockett St #A405,WA,"$257,990",1.0,584,07/01/2005,700,Seattle,33.0,1
67725077071,S,COND,18 Dravus St #205,WA,"$250,000",1.0,813,07/01/2005,700,Seattle,40.0,2
67825081824,S,COND,1525 Taylor Ave N #201,WA,"$214,000",1.0,595,07/01/2005,700,Seattle,55.0,1
67925056463,S,COND,520 2nd Ave W #103,WA,"$211,500",1.0,595,07/01/2005,700,Seattle,3.0,1
68025071608,S,COND,769 Hayes St #306,WA,"$210,000",1.0,766,07/01/2005,700,Seattle,24.0,2
68225053686,S,RESI,3050 35th Ave W,WA,"$479,000",2.0,"1,800",07/03/2005,700,Seattle,14.0,3
68325060907,S,RESI,3431 12th Ave W,WA,"$839,950",3.5,"3,800",07/05/2005,700,Seattle,18.0,4
68425044193,S,COND,719 2nd Ave W #301,WA,"$620,000",2.0,"1,332",07/05/2005,700,Seattle,63.0,2
68625055228,S,RESI,1510 4th Ave W,WA,"$549,900",2.0,"2,000",07/05/2005,700,Seattle,79.0,3
68725079180,S,RESI,2702 1st Ave N,WA,"$547,000",1.0,"2,210",07/05/2005,700,Seattle,4.0,3
68825064477,S,COND,1417 Queen Anne Ave N #302,WA,"$324,000",1.5,955,07/05/2005,700,Seattle,42.0,1
68925059891,S,COND,160 Lee St #305,WA,"$223,500",1.0,539,07/05/2005,700,Seattle,13.0,1
69025057609,S,COND,762 Hayes St #15,WA,"$177,000",1.0,657,07/05/2005,700,Seattle,8.0,1
69125071619,S,COND,420 Valley #306,WA,"$165,000",1.0,489,07/05/2005,700,Seattle,32.0,1
69325011497,S,COND,2135 Westlake Ave N,WA,"$500,000",2.5,"1,764",07/06/2005,700,Seattle,233.0,3
69425068740,S,COND,2105 Westlake Ave N #401,WA,"$436,450",1.75,"1,190",07/06/2005,700,Seattle,8.0,2
69525063460,S,RESI,3643 - 34th Ave W,WA,"$431,000",2.0,"1,930",07/06/2005,700,Seattle,22.0,3
69625063005,S,COND,115 W Galer #101,WA,"$350,000",1.75,"1,113",07/06/2005,700,Seattle,41.0,2
69724160703,S,RESI,619 W Comstock St,WA,"$5,100,000",4.5,"8,460",07/07/2005,700,Seattle,201.0,7
69825068369,S,RESI,4223 Williams Ave W,WA,"$885,000",4.5,"3,757",07/07/2005,700,Seattle,26.0,5
69925076060,S,RESI,1826 11th Ave W,WA,"$560,000",1.75,"2,072",07/07/2005,700,Seattle,15.0,3
70025080545,S,COND,1401 5th Ave W #307,WA,"$232,950",1.0,615,07/07/2005,700,Seattle,17.0,0
70125075980,S,COND,1017 W Nickerson St #33,WA,"$184,500",1.0,720,07/07/2005,700,Seattle,12.0,1
70225081075,S,COND,2244 13th Ave W #403,WA,"$160,000",1.0,590,07/07/2005,700,Seattle,2.0,1
70325077859,S,RESI,3482 W Blaine,WA,"$841,000",2.75,"3,300",07/08/2005,700,Seattle,3.0,3
70425080213,S,COND,275 W Roy St #204,WA,"$210,000",1.0,598,07/08/2005,700,Seattle,14.0,1
70525079893,S,COND,1015 W Nickerson #224,WA,"$186,000",1.0,700,07/08/2005,700,Seattle,3.0,1
70725055568,S,RESI,3416 28th Ave W,WA,"$769,000",3.0,"3,600",07/09/2005,700,Seattle,162.0,3
70825052803,S,RESI,361 Garfield St,WA,"$630,000",2.25,"1,537",07/11/2005,700,Seattle,12.0,3
70925084267,S,COND,520 2nd Ave W #403,WA,"$224,000",1.0,619,07/11/2005,700,Seattle,9.0,1
71025073041,S,RESI,412 Mcgraw St,WA,"$870,000",3.0,"2,730",07/12/2005,700,Seattle,15.0,4
71125057030,S,COND,2040 Waverly Place N #302,WA,"$635,000",2.0,"1,608",07/12/2005,700,Seattle,24.0,2
71225072490,S,COND,2530 15th Ave W #403,WA,"$155,000",1.0,682,07/12/2005,700,Seattle,116.0,1
71325057537,S,RESI,3424 B 34th Ave W,WA,"$419,000",3.0,"1,392",07/13/2005,700,Seattle,46.0,3
71425071827,S,RESI,1016 W Howe St,WA,"$395,000",1.75,"2,200",07/13/2005,700,Seattle,64.0,2
71525085813,S,COND,2530 15 Ave W #604,WA,"$342,000",1.75,"1,046",07/13/2005,700,Seattle,32.0,2
71624161268,S,COND,521 5th Ave W #401,WA,"$341,000",1.75,"1,019",07/13/2005,700,Seattle,230.0,2
71725067982,S,RESI,2507 27th Ave W,WA,"$849,950",4.0,"2,800",07/14/2005,700,Seattle,26.0,3
71825067828,S,RESI,2016 26th Ave W,WA,"$420,000",2.5,"2,440",07/14/2005,700,Seattle,33.0,4
72025069392,S,RESI,4030 31st Ave W,WA,"$385,000",1.0,"1,500",07/15/2005,700,Seattle,41.0,3
72125087574,S,COND,520 2nd Ave W #104,WA,"$315,500",1.0,796,07/15/2005,700,Seattle,13.0,2
72225081385,S,COND,2021 4th Ave N #6,WA,"$245,000",1.0,750,07/15/2005,700,Seattle,7.0,1
72325082035,S,COND,1601 Taylor Ave N #201,WA,"$242,500",1.0,639,07/16/2005,700,Seattle,12.0,1
72425076443,S,COND,1907 Taylor Ave N #3,WA,"$745,000",1.75,"1,648",07/18/2005,700,Seattle,10.0,3
72525083047,S,RESI,2815 31st Ave W,WA,"$625,000",2.75,"3,520",07/18/2005,700,Seattle,14.0,8
72625091750,S,RESI,4206 33 Ave W,WA,"$410,000",1.0,"1,440",07/18/2005,700,Seattle,5.0,3
72725088761,S,COND,1001 Queen Anne Ave N #PH1,WA,"$350,000",1.0,"1,025",07/18/2005,700,Seattle,5.0,2
72825014946,S,COND,405 Prospect St #300,WA,"$1,425,000",2.5,"2,600",07/19/2005,700,Seattle,32.0,3
72925056771,S,RESI,1323 3rd Ave W,WA,"$1,030,000",2.5,"2,640",07/19/2005,700,Seattle,64.0,4
73025051278,S,RESI,2575 5th Ave W,WA,"$555,000",1.0,"2,820",07/19/2005,700,Seattle,11.0,2
73225088096,S,COND,1110 W Howe St #301,WA,"$340,000",1.75,"1,265",07/19/2005,700,Seattle,11.0,2
73325083335,S,COND,18 Dravus St #307,WA,"$300,000",2.0,925,07/19/2005,700,Seattle,15.0,2
73425083566,S,COND,701 Galer St #408,WA,"$292,000",1.0,910,07/19/2005,700,Seattle,13.0,1
73525056551,S,COND,3710 26 Place W #109,WA,"$210,000",1.0,"1,014",07/19/2005,700,Seattle,34.0,2
73625081420,S,COND,1525 Taylor Ave N #206,WA,"$185,000",1.0,512,07/19/2005,700,Seattle,18.0,0
73825055906,S,RESI,3433 36TH Ave W,WA,"$499,900",1.75,"2,280",07/20/2005,700,Seattle,60.0,4
73925094567,S,COND,1202 Lakeview Blvd E #4,WA,"$487,200",2.0,"1,132",07/20/2005,700,Seattle,4.0,3
74025070248,S,COND,655 Crockett St #A201,WA,"$399,990",2.0,"1,104",07/20/2005,700,Seattle,25.0,2
74125076347,S,RESI,2432 Dexter Ave N #A,WA,"$349,950",1.0,"1,159",07/20/2005,700,Seattle,43.0,3
74225070668,S,COND,2432 Dexter Ave N ##A,WA,"$349,950",1.0,"1,159",07/20/2005,700,Seattle,43.0,3
74325055697,S,COND,655 Crockett St #A304,WA,"$282,990",1.0,674,07/20/2005,700,Seattle,47.0,1
74525080026,S,RESI,2827 36th Ave W,WA,"$460,000",1.0,"2,340",07/21/2005,700,Seattle,17.0,3
74625070835,S,COND,3700 26th Place W #401,WA,"$272,000",1.75,"1,380",07/21/2005,700,Seattle,42.0,3
74725078069,S,COND,275 W Roy St #116,WA,"$215,000",1.0,598,07/21/2005,700,Seattle,11.0,1
74825089995,S,COND,3616 26th Place W #1,WA,"$461,000",1.75,"1,707",07/22/2005,700,Seattle,8.0,2
74925060672,S,RESI,3850 24th Ave W,WA,"$345,000",1.0,"1,880",07/22/2005,700,Seattle,23.0,2
75025085510,S,COND,2510 W Bertona St #104,WA,"$195,000",1.0,769,07/22/2005,700,Seattle,8.0,1
75125088234,S,COND,524 6th Ave W #102,WA,"$171,000",1.0,500,07/22/2005,700,Seattle,107.0,2
75225066981,S,RESI,2502 28th Ave W,WA,"$737,000",2.0,"4,294",07/23/2005,700,Seattle,52.0,4
75325080760,S,RESI,3515 32nd Ave W,WA,"$550,000",2.5,"2,980",07/23/2005,700,Seattle,43.0,5
75425062205,S,RESI,103 Newell,WA,"$535,000",2.0,"1,640",07/23/2005,700,Seattle,44.0,4
75525056907,S,RESI,2507 7th Ave W,WA,"$630,000",1.5,"2,340",07/25/2005,700,Seattle,54.0,3
75625085784,S,RESI,314 Aloha St,WA,"$382,000",1.0,"1,760",07/25/2005,700,Seattle,3.0,1
75725077532,S,COND,17 W Mercer St #202,WA,"$298,950",1.0,718,07/25/2005,700,Seattle,14.0,1
75825084542,S,RESI,415 McGraw St,WA,"$1,625,000",3.0,"3,386",07/26/2005,700,Seattle,25.0,4
75925086796,S,COND,965 W Nickerson #45,WA,"$329,000",2.0,"1,200",07/26/2005,700,Seattle,60.0,2
76025090552,S,COND,1017 W Nickerson St #23,WA,"$190,000",1.0,674,07/26/2005,700,Seattle,,1
76125071679,S,RESI,2314 W Wheeler St,WA,"$985,000",2.75,"4,110",07/27/2005,700,Seattle,34.0,5
76225077982,S,RESI,1567 Magnolia Blvd W,WA,"$857,000",2.75,"3,760",07/27/2005,700,Seattle,13.0,4
76325048681,S,RESI,2405 Westmont Wy W,WA,"$805,000",2.5,"3,110",07/27/2005,700,Seattle,278.0,3
76425011717,S,RESI,2519 Perkins Lane W,WA,"$750,000",2.0,"2,620",07/27/2005,700,Seattle,652.0,4
76525059990,S,RESI,3010 B 21st Ave W,WA,"$449,950",3.0,"1,709",07/27/2005,700,Seattle,47.0,3
76625021015,S,RESI,511 West Lee,WA,"$2,600,000",4.5,"4,650",07/28/2005,700,Seattle,121.0,4
76725077533,S,RESI,2206 5th Ave N,WA,"$955,000",2.25,"2,770",07/28/2005,700,Seattle,122.0,4
76825063522,S,RESI,163 McGraw Place,WA,"$845,000",2.5,"3,311",07/28/2005,700,Seattle,69.0,3
76925097822,S,RESI,3022 42nd Ave W,WA,"$607,088",1.0,"2,560",07/28/2005,700,Seattle,2.0,2
77025081880,S,COND,2420 8th Ave N #301,WA,"$495,000",2.0,"1,101",07/28/2005,700,Seattle,13.0,2
77125059865,S,RESI,3819 33rd Ave W,WA,"$387,000",1.75,"1,400",07/28/2005,700,Seattle,77.0,3
77225080429,S,COND,18 Dravus St #302,WA,"$249,950",1.0,716,07/28/2005,700,Seattle,15.0,1
77325085991,S,COND,1401 5th Ave W #207,WA,"$249,000",1.0,615,07/28/2005,700,Seattle,16.0,2
77425091372,S,COND,550 Aloha St #102,WA,"$225,000",1.0,684,07/28/2005,700,Seattle,26.0,1
77525084376,S,RESI,3315 40th Ave W,WA,"$735,000",2.0,"2,624",07/29/2005,700,Seattle,11.0,3
77625066279,S,RESI,2949 25th Ave W,WA,"$593,000",2.5,"3,340",07/29/2005,700,Seattle,54.0,5
77725077497,S,RESI,2143 10th Ave W,WA,"$534,000",3.25,"2,340",07/29/2005,700,Seattle,7.0,3
77925080869,S,RESI,1943 Clise Place W,WA,"$449,950",1.75,"2,460",07/29/2005,700,Seattle,22.0,3
78125076168,S,COND,500 W Roy St #105,WA,"$350,000",2.0,"1,071",07/29/2005,700,Seattle,29.0,2
78225043622,S,COND,3044 14th Ave W #B202,WA,"$345,000",2.5,"1,374",07/29/2005,700,Seattle,98.0,2
78325068511,S,RESI,2843 22nd Ave W,WA,"$325,000",1.0,"1,300",07/29/2005,700,Seattle,25.0,2
78525095495,S,RESI,2439 2nd Ave W,WA,"$931,000",3.0,"2,830",07/30/2005,700,Seattle,10.0,4
78825100274,S,COND,3228 21st Ave W #203,WA,"$225,000",1.0,783,07/30/2005,700,Seattle,5.0,2
78925040040,S,RESI,2508 Warren Ave N,WA,"$675,000",3.5,"3,530",08/01/2005,700,Seattle,92.0,5
79025084674,S,RESI,1916 9th Ave W,WA,"$619,000",2.75,"2,839",08/01/2005,700,Seattle,8.0,5
79125090733,S,COND,2120 8th Ave N #203,WA,"$560,000",2.5,"1,320",08/01/2005,700,Seattle,16.0,2
79325091292,S,RESI,3238 35th Ave W,WA,"$438,000",1.75,"1,530",08/01/2005,700,Seattle,16.0,3
79425086300,S,COND,526 W Mercer Place #103,WA,"$265,000",2.0,"1,000",08/01/2005,700,Seattle,30.0,2
79525086356,S,RESI,3046 W Viewmont Wy W,WA,"$1,065,000",3.5,"3,219",08/02/2005,700,Seattle,21.0,4
79625092736,S,RESI,3014 W Barrett St,WA,"$390,000",1.5,"1,490",08/02/2005,700,Seattle,14.0,3
79925083451,S,COND,1525 Taylor Ave N #507,WA,"$257,000",1.0,512,08/02/2005,700,Seattle,22.0,1
80025097901,S,COND,123 Queen Anne Ave N #507,WA,"$256,500",1.0,524,08/02/2005,700,Seattle,7.0,1
80125042821,S,COND,326 Queen Anne Ave N #303,WA,"$245,000",1.0,623,08/02/2005,700,Seattle,13.0,1
80225087119,S,COND,714 W Argand St #E,WA,"$239,500",1.0,900,08/02/2005,700,Seattle,14.0,1
80325087099,S,COND,716 W Argand St #C,WA,"$239,500",1.0,"1,000",08/02/2005,700,Seattle,26.0,2
80425093030,S,COND,769 Hayes St #205,WA,"$229,000",2.75,753,08/02/2005,700,Seattle,11.0,2
80625084026,S,COND,2620 4th Ave N #606,WA,"$390,000",2.0,"1,543",08/03/2005,700,Seattle,24.0,3
80725099534,S,COND,505 W Roy St #202,WA,"$359,000",2.0,"1,137",08/03/2005,700,Seattle,11.0,2
80825080198,S,RESI,3627 Arapahoe Place W,WA,"$612,500",2.25,"3,320",08/04/2005,700,Seattle,9.0,3
80925075371,S,COND,3607 3609 14TH Ave W #210,WA,"$288,000",2.0,"1,353",08/04/2005,700,Seattle,20.0,2
81125074158,S,COND,1001 2nd Ave W #302,WA,"$359,000",1.0,977,08/05/2005,700,Seattle,57.0,1
81225079029,S,COND,1312 6th Ave N #13,WA,"$222,000",1.0,450,08/05/2005,700,Seattle,20.0,1
81325079915,S,COND,1823 Queen Anne Ave N #201,WA,"$410,000",1.75,"1,136",08/06/2005,700,Seattle,39.0,2
81425081594,S,COND,2228 E Yale #11,WA,"$168,000",1.0,434,08/07/2005,700,Seattle,73.0,1
81525089811,S,RESI,11 Florentia St,WA,"$561,000",1.75,"1,470",08/08/2005,700,Seattle,16.0,2
81725088785,S,COND,701 Galer St #613,WA,"$351,000",2.25,"1,326",08/08/2005,700,Seattle,3.0,2
81825102507,S,COND,1504 Aurora Ave N #201,WA,"$234,890",1.0,828,08/08/2005,700,Seattle,15.0,2
81925083191,S,COND,3710 26th Place W #206,WA,"$159,950",1.0,755,08/08/2005,700,Seattle,66.0,1
82025095818,S,RESI,2409 Perkins Lane W,WA,"$1,234,500",2.5,"1,810",08/09/2005,700,Seattle,18.0,3
82125099699,S,RESI,4 W Raye,WA,"$772,000",2.5,"2,400",08/09/2005,700,Seattle,9.0,4
82225102613,S,RESI,2623 W Crockett St,WA,"$735,000",2.75,"2,780",08/09/2005,700,Seattle,7.0,3
82325092441,S,COND,1011 5th Ave N #305,WA,"$339,000",2.0,"1,075",08/09/2005,700,Seattle,9.0,2
82425071739,S,RESI,3236 42nd Ave W,WA,"$700,000",1.75,"2,560",08/10/2005,700,Seattle,41.0,3
82525090322,S,RESI,3016 W Raye,WA,"$365,000",1.0,"1,560",08/10/2005,700,Seattle,27.0,2
82625068772,S,RESI,2843 1/2 22nd Ave W,WA,"$325,000",0.75,560,08/10/2005,700,Seattle,25.0,1
82725076833,S,RESI,2530 Montavista Place W,WA,"$911,000",2.75,"3,230",08/11/2005,700,Seattle,27.0,4
82825088606,S,RESI,1915 35th Ave W,WA,"$769,500",1.75,"2,740",08/11/2005,700,Seattle,6.0,4
82925090294,S,RESI,2555 29th Ave W,WA,"$678,000",2.5,"2,840",08/11/2005,700,Seattle,26.0,4
83025079534,S,RESI,2849 29 Ave W,WA,"$617,500",2.25,"3,120",08/11/2005,700,Seattle,8.0,3
83125087783,S,RESI,700 W Kinnear Place,WA,"$3,200,000",4.75,"6,400",08/12/2005,700,Seattle,25.0,4
83325108973,S,RESI,2115 Montvale Ct W,WA,"$544,000",1.75,"2,600",08/12/2005,700,Seattle,14.0,3
83425098780,S,RESI,3629 34th Ave W,WA,"$425,000",1.75,"1,960",08/12/2005,700,Seattle,5.0,2
83525104469,S,COND,467 Newton St #201,WA,"$378,000",1.75,922,08/12/2005,700,Seattle,8.0,2
83625087549,S,RESI,3403 37th Ave W,WA,"$600,000",1.0,"2,620",08/14/2005,700,Seattle,6.0,3
83825089591,S,RESI,2805 43rd Ave W,WA,"$1,620,000",2.25,"3,850",08/15/2005,700,Seattle,85.0,4
83925100433,S,RESI,1405 4th Ave W,WA,"$550,500",1.0,"1,340",08/15/2005,700,Seattle,11.0,2
84025104100,S,COND,801 2nd Ave N #103,WA,"$380,000",2.0,"1,031",08/15/2005,700,Seattle,12.0,2
84225104341,S,RESI,1958 5th Ave W,WA,"$670,000",1.5,"2,430",08/16/2005,700,Seattle,16.0,4
84325082508,S,COND,200 W Comstock St #302,WA,"$590,000",2.0,"1,360",08/16/2005,700,Seattle,3.0,2
84425095479,S,RESI,723 W Dravus,WA,"$565,000",1.75,"2,280",08/16/2005,700,Seattle,35.0,3
84625086946,S,RESI,3721 32nd Ave W,WA,"$487,500",1.75,"1,700",08/16/2005,700,Seattle,18.0,2
84725097273,S,RESI,215 Hayes St,WA,"$469,950",2.0,"1,390",08/16/2005,700,Seattle,19.0,3
84825082549,S,COND,200 W Comstock St #203,WA,"$375,000",1.0,844,08/16/2005,700,Seattle,3.0,1
84925050143,S,COND,348 W Olympic Place #104,WA,"$355,000",1.75,995,08/16/2005,700,Seattle,209.0,1
85025106726,S,COND,530 4th Ave W #303,WA,"$330,000",1.0,876,08/16/2005,700,Seattle,4.0,1
85225103801,S,COND,3609 14th Ave W #205,WA,"$192,000",1.0,668,08/16/2005,700,Seattle,15.0,1
85325086261,S,COND,1414 1st Ave W #602,WA,"$1,150,000",2.5,"2,417",08/17/2005,700,Seattle,501.0,3
85425052555,S,RESI,1428 9th Ave W,WA,"$1,100,000",2.5,"3,640",08/17/2005,700,Seattle,110.0,3
85625092710,S,RESI,2233 12 Ave W,WA,"$730,000",2.5,"2,980",08/17/2005,700,Seattle,31.0,4
85725084008,S,RESI,3048 32nd Ave W,WA,"$725,000",3.5,"3,510",08/17/2005,700,Seattle,10.0,3
85925059691,S,COND,1415 6th Ave N #301,WA,"$540,000",2.0,"1,181",08/17/2005,700,Seattle,65.0,2
86024157620,S,RESI,2803 W View Place,WA,"$510,000",1.75,"2,040",08/17/2005,700,Seattle,248.0,3
86125047916,S,COND,2841 14th Ave W #101,WA,"$350,000",1.75,"1,222",08/17/2005,700,Seattle,115.0,2
86225093568,S,COND,1914 13th Ave W #201,WA,"$349,500",1.75,"1,358",08/17/2005,700,Seattle,14.0,2
86325099687,S,RESI,2606 43 Ave W,WA,"$1,130,000",3.5,"3,380",08/18/2005,700,Seattle,371.0,4
86425066242,S,RESI,2535 10th Ave W,WA,"$589,950",1.5,"2,490",08/18/2005,700,Seattle,7.0,3
86525088271,S,RESI,358 Aloha,WA,"$464,000",2.0,"1,440",08/18/2005,700,Seattle,7.0,2
86625094099,S,RESI,3422 A 22nd Ave W,WA,"$427,500",2.5,"1,630",08/18/2005,700,Seattle,14.0,3
86725102162,S,COND,424 Queen Anne Ave N #400,WA,"$1,465,000",2.25,"2,567",08/19/2005,700,Seattle,,3
86825091456,S,COND,275 W Roy St #218,WA,"$263,000",1.0,714,08/19/2005,700,Seattle,11.0,2
86925104037,S,RESI,517 W Highland Dr,WA,"$5,050,000",4.75,"6,190",08/20/2005,700,Seattle,7.0,5
87125107472,S,COND,965 W Nickerson St #13,WA,"$230,000",1.0,"1,000",08/20/2005,700,Seattle,1.0,1
87225102639,S,RESI,802 W Newell,WA,"$427,000",1.75,"1,240",08/21/2005,700,Seattle,57.0,3
87325099490,S,RESI,3208 W Dravus St,WA,"$305,000",1.0,"2,160",08/21/2005,700,Seattle,16.0,3
87425080420,S,RESI,1902 29th Ave W,WA,"$995,000",3.25,"3,820",08/22/2005,700,Seattle,36.0,4
87625087977,S,RESI,3421 10th Ave W,WA,"$549,000",2.25,"3,030",08/22/2005,700,Seattle,34.0,5
87725057414,S,RESI,1506 Taylor Ave N,WA,"$547,000",1.75,"2,810",08/22/2005,700,Seattle,168.0,3
87825087187,S,COND,718 W Argand St #A,WA,"$239,500",1.0,900,08/22/2005,700,Seattle,26.0,1
87925084733,S,RESI,2020 Dexter Ave N,WA,"$444,000",2.0,"2,140",08/23/2005,700,Seattle,33.0,5
88025064839,S,COND,17 W Mercer #207,WA,"$315,000",1.0,820,08/23/2005,700,Seattle,32.0,1
88125090319,S,COND,1504 Aurora Ave N #510,WA,"$266,000",1.0,630,08/23/2005,700,Seattle,27.0,1
88225103205,S,COND,2530 15th Ave W #401,WA,"$185,000",1.0,778,08/23/2005,700,Seattle,25.0,1
88325096744,S,RESI,2468 Lorentz Place N,WA,"$699,000",2.5,"2,580",08/24/2005,700,Seattle,33.0,4
88425070072,S,COND,701 Galer St #706,WA,"$337,000",2.0,"1,233",08/24/2005,700,Seattle,26.0,2
88525097907,S,RESI,2653 Thorndyke Ave W,WA,"$335,000",1.0,"1,180",08/24/2005,700,Seattle,72.0,3
88625106585,S,COND,326 Queen Anne Ave N #604,WA,"$292,000",1.0,639,08/24/2005,700,Seattle,1.0,1
88725098375,S,COND,2510 W Bertona Ave #102,WA,"$219,000",1.0,833,08/24/2005,700,Seattle,32.0,1
88925110267,S,RESI,3247 12 Ave W,WA,"$576,000",1.75,"2,328",08/25/2005,700,Seattle,3.0,3
89125079075,S,COND,3609 14th Ave W #G-2,WA,"$184,950",1.0,665,08/25/2005,700,Seattle,48.0,1
89225108784,S,COND,3710 27th Place W #104,WA,"$172,500",1.0,680,08/25/2005,700,Seattle,14.0,1
89425088671,S,RESI,3016 12th Ave W,WA,"$540,000",1.75,"2,660",08/26/2005,700,Seattle,55.0,3
89525110251,S,RESI,2632 W Newton St,WA,"$500,000",1.0,"1,740",08/26/2005,700,Seattle,6.0,2
89625079374,S,RESI,31 A Etruria St,WA,"$463,950",2.5,"1,620",08/26/2005,700,Seattle,82.0,3
89725064779,S,RESI,1018 B Taylor,WA,"$459,000",1.75,"1,450",08/26/2005,700,Seattle,75.0,2
89925102309,S,COND,500 W Roy St #305,WA,"$385,000",2.0,"1,130",08/26/2005,700,Seattle,13.0,2
90025087140,S,COND,714 1/2 W Argand St #D,WA,"$233,500",1.0,"1,000",08/26/2005,700,Seattle,29.0,1
90225072261,S,COND,559 McGraw St #302,WA,"$415,000",2.25,"1,462",08/27/2005,700,Seattle,131.0,2
90425106811,S,COND,2244 13th Ave W #402,WA,"$200,000",1.0,595,08/28/2005,700,Seattle,2.0,1
90525110329,S,RESI,2551 5th Ave N,WA,"$1,000,000",3.0,"3,520",08/29/2005,700,Seattle,6.0,4
90625094857,S,RESI,4047 Williams Ave W,WA,"$908,113",4.5,"3,800",08/29/2005,700,Seattle,117.0,5
90825077431,S,COND,530 4th Ave W #501,WA,"$467,500",1.75,"1,116",08/29/2005,700,Seattle,33.0,2
90925105548,S,COND,530 4th Ave W #209,WA,"$410,000",1.75,"1,029",08/29/2005,700,Seattle,13.0,2
91025102179,S,RESI,2645 35 Ave W,WA,"$403,500",1.0,"1,120",08/29/2005,700,Seattle,5.0,2
91125096231,S,COND,530 4th Ave W #110,WA,"$284,000",1.0,749,08/29/2005,700,Seattle,2.0,1
91225112892,S,COND,18 Dravus St #404,WA,"$282,450",1.0,785,08/29/2005,700,Seattle,16.0,1
91325104184,S,RESI,2646 42nd Ave W,WA,"$975,000",2.25,"2,940",08/30/2005,700,Seattle,9.0,3
91425114621,S,RESI,2313 Bigelow Ave N,WA,"$762,500",2.0,"2,270",08/30/2005,700,Seattle,18.0,3
91525084466,S,COND,100 W highland Dr #420,WA,"$735,000",1.75,"1,398",08/30/2005,700,Seattle,53.0,2
91625103428,S,RESI,1942 6th Ave W,WA,"$640,890",1.0,"1,560",08/30/2005,700,Seattle,5.0,3
91825101013,S,COND,655 Crockett St #A101,WA,"$414,349",2.0,"1,104",08/30/2005,700,Seattle,12.0,1
91925106945,S,COND,1914 13th Ave W #102,WA,"$343,000",1.75,"1,388",08/30/2005,700,Seattle,18.0,2
92025092233,S,RESI,3434 Perkins Lane W,WA,"$1,530,000",3.75,"3,480",08/31/2005,700,Seattle,15.0,5
92125092127,S,RESI,2823 W Galer St,WA,"$1,425,000",1.75,"2,490",08/31/2005,700,Seattle,48.0,3
92225111833,S,RESI,4020 28th Place W,WA,"$960,000",3.5,"3,680",08/31/2005,700,Seattle,5.0,4
92425096717,S,RESI,1602 34th Ct W,WA,"$2,500,000",2.5,"4,290",09/01/2005,700,Seattle,239.0,3
92525087277,S,RESI,8 Smith St,WA,"$602,000",2.75,"2,370",09/01/2005,700,Seattle,54.0,4
92625080774,S,COND,511 W Mercer Place #401,WA,"$600,000",1.75,"1,430",09/01/2005,700,Seattle,157.0,2
92725106897,S,COND,2400 Aurora Ave N #206,WA,"$585,000",2.5,"1,865",09/01/2005,700,Seattle,14.0,2
92825102252,S,RESI,3253 Perkins Lane W,WA,"$550,000",1.0,525,09/01/2005,700,Seattle,5.0,1
93025022668,S,RESI,1018 -C Taylor Ave N,WA,"$469,000",2.5,"1,475",09/01/2005,700,Seattle,179.0,3
93125108490,S,RESI,2423 35th Ave W,WA,"$420,000",1.0,"1,190",09/01/2005,700,Seattle,59.0,2
93225091697,S,RESI,3431 34 Ave W,WA,"$380,500",1.75,"1,720",09/01/2005,700,Seattle,26.0,3
93325088302,S,RESI,3406 32nd Ave W,WA,"$364,000",1.0,910,09/01/2005,700,Seattle,49.0,2
93425106412,S,RESI,2847 22nd Ave W,WA,"$318,000",2.0,"1,900",09/01/2005,700,Seattle,6.0,3
93525107522,S,COND,1417 Queen Anne Ave N #303,WA,"$308,000",1.0,800,09/01/2005,700,Seattle,10.0,1
93625122118,S,COND,520 2nd Ave W #209,WA,"$260,000",1.0,587,09/01/2005,700,Seattle,,1
93725109275,S,COND,34 W Etruria #3,WA,"$177,000",1.0,624,09/01/2005,700,Seattle,7.0,1
94025110564,S,RESI,2622 29th Ave W,WA,"$650,000",1.75,"2,700",09/02/2005,700,Seattle,6.0,4
94125091575,S,RESI,1924 10th Ave W,WA,"$520,000",2.75,"1,820",09/02/2005,700,Seattle,13.0,3
94225118323,S,COND,2244 13th Ave W #204,WA,"$207,000",1.0,605,09/02/2005,700,Seattle,4.0,1
94325104887,S,RESI,359 Howe St,WA,"$637,000",1.75,"2,160",09/04/2005,700,Seattle,9.0,4
94425095763,S,RESI,2911 W Boston St,WA,"$570,000",1.75,"2,580",09/04/2005,700,Seattle,10.0,2
94525111991,S,COND,410 W Roy St #301,WA,"$400,000",1.75,"1,112",09/04/2005,700,Seattle,10.0,2
94625114985,S,COND,467 Newton St #102,WA,"$276,000",1.0,712,09/04/2005,700,Seattle,7.0,1
94825081306,S,COND,2510 W Manor Place #214,WA,"$255,950",1.75,"1,185",09/05/2005,700,Seattle,51.0,2
94925111876,S,COND,524 6th Ave W #309,WA,"$219,000",1.0,680,09/05/2005,700,Seattle,4.0,2
95025097269,S,RESI,2616 25th Ave W,WA,"$510,200",1.5,"2,650",09/06/2005,700,Seattle,28.0,3
95125020351,S,COND,17 W Mercer St #200,WA,"$490,000",2.0,"1,373",09/06/2005,700,Seattle,149.0,2
95225116396,S,COND,520 2nd Ave W #210,WA,"$315,000",1.0,791,09/06/2005,700,Seattle,14.0,2
95325081069,S,COND,1730 N Northlake Wy #213,WA,"$281,500",1.0,631,09/06/2005,700,Seattle,19.0,1
95425026449,S,COND,1250 Taylor Ave N #101,WA,"$250,000",1.0,793,09/06/2005,700,Seattle,35.0,1
95525022676,S,RESI,1018 -D Taylor Ave N,WA,"$455,000",2.5,"1,420",09/07/2005,700,Seattle,179.0,3
95625098207,S,RESI,643 W Nickerson,WA,"$429,950",3.0,"2,690",09/08/2005,700,Seattle,12.0,5
95725062296,S,COND,2811 14th Ave W #300,WA,"$242,000",1.0,932,09/09/2005,700,Seattle,9.0,1
95925067703,S,RESI,1560 28th Ave W,WA,"$660,000",2.75,"2,860",09/20/2005,700,Seattle,39.0,4
96025094526,S,RESI,3212 33 Ave W,WA,"$485,000",2.25,"2,700",09/24/2005,700,Seattle,14.0,4
96125064888,S,RESI,3228 13 Ave W,WA,"$412,000",1.0,"1,680",09/30/2005,700,Seattle,75.0,2
96225106372,S,RESI,1110 W Garfield St,WA,"$991,820",2.25,"2,640",10/03/2005,700,Seattle,2.0,3
96325060913,S,RESI,2608 W Bertona St,WA,"$748,000",2.5,"2,220",10/20/2005,700,Seattle,61.0,4
96525073536,S,COND,2219 14th Ave W,WA,"$297,000",1.75,"1,070",11/16/2005,700,Seattle,35.0,2
96625057323,S,COND,655 Crockett St #A403,WA,"$277,990",1.0,674,12/05/2005,700,Seattle,2.0,1
96725063614,S,RESI,411 Prospect St,WA,"$815,000",3.25,"3,500",12/12/2005,700,Seattle,25.0,3
96825055327,S,COND,601 W Mercer Place #104,WA,"$345,000",1.5,838,12/13/2005,700,Seattle,8.0,2
96925056760,S,COND,2253 Gilman Dr W #505,WA,"$325,000",1.75,"1,043",01/30/2006,700,Seattle,17.0,2
97025041477,S,COND,909 W Crockett St,WA,"$940,000",3.0,"3,100",02/16/2006,700,Seattle,114.0,4
97124120071,S,RESI,909 W Crockett St,WA,"$940,000",3.0,"3,100",02/16/2006,700,Seattle,326.0,4
97225079327,S,COND,2143 10th Ave W,WA,"$534,000",3.25,"2,340",03/01/2006,700,Seattle,7.0,3
97325065224,S,COND,1306 Queen Anne Ave NE #11,WA,"$212,000",1.0,744,03/01/2006,700,Seattle,112.0,1
