#,MLS,Stat,Type,Address,State,List/Sell $,Bths,SF,Stat Date,Area,City,CDOM,Bds
1,1526700,S,RESI,3406 32nd Ave W,WA,"$699,000",1.0,"1,270",01/03/2020,700,Seattle,41.0,2
2,1535677,S,RESI,2460 W Lynn St,WA,"$2,070,000",3.5,"3,778",01/04/2020,700,Seattle,14.0,5
3,1552051,S-UL,COND,2470 Dexter Ave N #401,WA,"$450,000",1.75,"1,600",01/06/2020,700,Seattle,,3
4,1542374,S,COND,501 Roy St #C232,WA,"$800,000",2.25,"1,394",01/06/2020,700,Seattle,18.0,2
5,1525907,S,RESI,2117 W Armour St,WA,"$899,000",2.25,"1,815",01/06/2020,700,Seattle,64.0,3
6,1527574,S,RESI,2119 W Armour St,WA,"$955,000",3.25,"2,043",01/06/2020,700,Seattle,45.0,3
7,1527101,S,RESI,1906 8th Ave W,WA,"$900,000",1.75,"1,810",01/07/2020,700,Seattle,48.0,3
8,1546476,S,RESI,3821 34th Ave W,WA,"$695,000",2.25,"1,403",01/08/2020,700,Seattle,1.0,2
9,1524605,S,RESI,3404 10th Ave W,WA,"$690,000",2.0,"2,080",01/08/2020,700,Seattle,49.0,3
10,1510217,S,RESI,2806 W Dravus St,WA,"$855,000",1.75,"2,340",01/08/2020,700,Seattle,103.0,3
11,1465041,S,RESI,2548 13th Ave W,WA,"$965,000",1.75,"1,960",01/09/2020,700,Seattle,180.0,3
12,1541789,S,RESI,3817 34th Ave W #B,WA,"$815,000",2.5,"1,760",01/09/2020,700,Seattle,16.0,3
13,1530254,S,COND,530 W Olympic Place #102,WA,"$375,000",1.0,591,01/09/2020,700,Seattle,58.0,1
14,1553837,S-UL,RESI,903 W Emerson St,WA,"$938,000",2.5,"1,870",01/10/2020,700,Seattle,,3
15,1541212,S,RESI,2016 14th Ave W,WA,"$825,000",2.0,"1,740",01/10/2020,700,Seattle,19.0,3
16,1509032,S,RESI,3324 W Government Wy,WA,"$687,500",2.25,"1,460",01/10/2020,700,Seattle,101.0,3
17,1545202,S,COND,323 Queen Anne Ave N #410,WA,"$359,950",1.0,510,01/13/2020,700,Seattle,4.0,1
18,1505188,S,COND,63 W Etruria St #6,WA,"$519,000",1.5,"1,000",01/13/2020,700,Seattle,73.0,2
19,1535996,S,RESI,2621 40th Ave W,WA,"$1,630,000",2.5,"3,460",01/14/2020,700,Seattle,42.0,4
20,1516018,S,RESI,663 W Emerson St,WA,"$625,000",2.25,"1,290",01/15/2020,700,Seattle,96.0,2
21,1542535,S,RESI,2605 W Lynn St,WA,"$1,158,000",2.0,"2,900",01/15/2020,700,Seattle,9.0,4
22,1545906,S,RESI,2855 W Jameson St,WA,"$1,400,000",2.25,"2,370",01/16/2020,700,Seattle,4.0,3
23,1530888,S,COND,123 Queen Anne Ave N #201,WA,"$392,000",1.0,658,01/16/2020,700,Seattle,61.0,1
24,1470530,S,RESI,1707 3rd Ave N,WA,"$999,000",1.0,"2,380",01/16/2020,700,Seattle,72.0,4
25,1430162,S,RESI,3251 Perkins Lane W,WA,"$1,650,000",2.0,"2,310",01/17/2020,700,Seattle,228.0,3
26,1537009,S,RESI,2225 30th Ave W,WA,"$1,300,000",2.75,"2,340",01/17/2020,700,Seattle,53.0,5
27,1540582,S,COND,965 W Nickerson St #25,WA,"$424,900",1.75,"1,117",01/18/2020,700,Seattle,127.0,2
28,1523653,S,COND,3820 25th Ave W #3F,WA,"$575,000",1.5,"1,661",01/18/2020,700,Seattle,79.0,2
29,1547450,S,RESI,3432 W Blaine St,WA,"$1,225,000",2.0,"2,880",01/21/2020,700,Seattle,7.0,3
30,1474128,S,COND,341 W Olympic Place #1,WA,"$1,185,000",1.75,"1,759",01/22/2020,700,Seattle,172.0,2
31,1535989,S,COND,809 Taylor Ave N #1 & A,WA,"$888,000",2.25,"1,561",01/22/2020,700,Seattle,53.0,3
32,1553099,S,RESI,3259 W Commodore Wy,WA,"$1,111,000",2.25,"1,748",01/23/2020,700,Seattle,1.0,3
33,1527261,S,COND,505 W Mercer Place #101,WA,"$1,285,000",2.5,"2,718",01/24/2020,700,Seattle,29.0,2
34,1546610,S,RESI,1911 31st Ave W,WA,"$1,080,000",2.75,"3,150",01/24/2020,700,Seattle,4.0,4
35,1548394,S,RESI,1917 3rd Ave N,WA,"$890,000",1.5,"1,820",01/24/2020,700,Seattle,9.0,4
36,1535232,S,RESI,1429 Warren Ave N,WA,"$1,350,000",2.5,"2,800",01/24/2020,700,Seattle,10.0,4
37,1526920,S,RESI,918 2nd Ave W #B,WA,"$740,000",2.25,"1,140",01/26/2020,700,Seattle,65.0,2
38,1534602,S,RESI,3021 35th Ave W,WA,"$1,125,000",2.0,"2,970",01/28/2020,700,Seattle,29.0,4
39,1542689,S,RESI,1311 W Newton St,WA,"$970,000",1.0,540,01/29/2020,700,Seattle,36.0,1
40,1520676,S,COND,965 W Nickerson St #24,WA,"$461,125",1.75,"1,154",01/29/2020,700,Seattle,92.0,2
41,1546828,S,RESI,2425 2nd Ave W,WA,"$1,180,000",3.25,"3,080",01/29/2020,700,Seattle,130.0,5
42,1533802,S,COND,1250 N Taylor Ave #302,WA,"$500,000",1.75,"1,235",01/29/2020,700,Seattle,82.0,2
43,1559629,S-UL,RESI,3121 W Galer St,WA,"$1,875,000",3.0,"2,025",01/29/2020,700,Seattle,,3
44,1504252,S,RESI,910 3rd Ave N #B,WA,"$757,000",2.5,"1,509",01/29/2020,700,Seattle,142.0,2
45,1555924,S,RESI,3302 W Government Wy #C,WA,"$710,000",2.25,"1,440",01/31/2020,700,Seattle,1.0,3
46,1560220,S-UL,RESI,1304 W Newton St,WA,"$777,950",1.75,"1,350",01/31/2020,700,Seattle,,2
47,1551965,S,RESI,112 W McGraw St,WA,"$1,345,000",2.0,"2,030",01/31/2020,700,Seattle,6.0,3
48,1465741,S,COND,100 W Highland Dr #210,WA,"$957,500",1.75,"1,500",01/31/2020,700,Seattle,218.0,2
49,1547270,S,RESI,2212 28th Ave W,WA,"$1,060,000",1.5,"3,120",01/31/2020,700,Seattle,5.0,5
50,1541291,S,RESI,4415 28th Place W,WA,"$848,000",1.75,"1,740",01/31/2020,700,Seattle,4.0,4
51,1535285,S,RESI,2423 queen anne Ave N,WA,"$1,100,000",3.0,"1,900",02/01/2020,700,Seattle,56.0,3
52,1551481,S,RESI,2271 14th Ave W,WA,"$768,000",2.5,"1,620",02/01/2020,700,Seattle,,3
53,1550933,S,RESI,1945 31st Ave W,WA,"$1,150,000",1.75,"2,640",02/01/2020,700,Seattle,3.0,4
54,1560938,S-UL,RESI,1900 9th Ave W,WA,"$1,500,000",2.75,"3,664",02/03/2020,700,Seattle,,4
55,1555001,S,RESI,3255 W Commodore Wy,WA,"$929,000",2.25,"1,541",02/03/2020,700,Seattle,10.0,3
56,1540961,S,RESI,2409 2nd Ave N,WA,"$1,040,000",2.25,"3,180",02/03/2020,700,Seattle,38.0,5
57,1551260,S,RESI,4241 28th Ave W,WA,"$779,000",2.0,"1,400",02/03/2020,700,Seattle,7.0,3
58,1544383,S,RESI,2828 23rd Ave W,WA,"$730,500",1.75,"2,240",02/04/2020,700,Seattle,20.0,3
59,1513037,S,COND,1234 Taylor Ave N #401,WA,"$705,000",1.75,"1,342",02/04/2020,700,Seattle,178.0,3
60,1527344,S,COND,2244 13th Ave W #311,WA,"$260,000",1.0,546,02/04/2020,700,Seattle,92.0,1
61,1529251,S,COND,941 W McGraw St #45,WA,"$1,100,820",3.25,"1,595",02/05/2020,700,Seattle,249.0,3
62,1527677,S,RESI,2139 7th Ave W,WA,"$1,450,000",3.25,"2,505",02/05/2020,700,Seattle,83.0,3
63,1537579,S,COND,3608 14th Avenue W #101,WA,"$360,000",1.0,660,02/05/2020,700,Seattle,73.0,1
64,1554560,S,COND,3722 27TH Place W #302,WA,"$355,000",1.0,746,02/05/2020,700,Seattle,4.0,1
65,1546107,S,COND,762 Hayes St #28,WA,"$470,000",1.0,911,02/05/2020,700,Seattle,22.0,2
66,1541193,S,RESI,3257 W Commodore Wy,WA,"$950,000",2.25,"1,667",02/06/2020,700,Seattle,35.0,3
67,1550325,S,RESI,2273 14th Ave W,WA,"$795,000",2.5,"1,620",02/08/2020,700,Seattle,,3
68,1534599,S,COND,3406 W Government Wy #2,WA,"$445,000",2.0,950,02/08/2020,700,Seattle,75.0,2
69,1550451,S,RESI,1302 W Newton St,WA,"$794,950",1.75,"1,439",02/10/2020,700,Seattle,3.0,2
70,1550452,S,RESI,2001 13th Ave W,WA,"$689,950",1.75,"1,366",02/10/2020,700,Seattle,6.0,2
71,1541052,S,COND,519 W Roy St #316,WA,"$275,000",1.0,459,02/10/2020,700,Seattle,69.0,0
72,1524099,S,RESI,3017 23rd Ave W,WA,"$675,000",1.75,"1,430",02/11/2020,700,Seattle,100.0,3
73,1516411,S,RESI,1235 3rd Ave N,WA,"$1,260,000",2.0,"3,100",02/12/2020,700,Seattle,237.0,4
74,1553259,S,RESI,2005 Dexter Ave N #A,WA,"$749,000",1.75,"1,212",02/12/2020,700,Seattle,1.0,2
75,1534504,S,RESI,1822 11th Ave W #B,WA,"$776,000",2.25,"1,412",02/12/2020,700,Seattle,80.0,3
76,1500088,S,COND,3700 26th Place W #401,WA,"$460,000",1.75,"1,380",02/12/2020,700,Seattle,157.0,3
77,1547312,S,RESI,217 W Lee St,WA,"$948,000",2.5,"1,490",02/13/2020,700,Seattle,5.0,3
78,1550511,S,RESI,3215 39th Ave W,WA,"$1,799,000",3.25,"3,450",02/13/2020,700,Seattle,98.0,4
79,1552412,S,COND,522 W Mercer Place #404,WA,"$580,000",2.0,"1,015",02/13/2020,700,Seattle,5.0,2
80,1484703,S,RESI,18 W McGraw St,WA,"$1,385,000",3.0,"2,480",02/13/2020,700,Seattle,188.0,4
81,1466795,S,COND,1758 Dexter Ave N #7,WA,"$610,000",1.0,"1,149",02/13/2020,700,Seattle,219.0,2
82,1527762,S,RESI,4001 W Dravus St,WA,"$1,710,000",4.5,"3,621",02/13/2020,700,Seattle,109.0,4
83,1555598,S,RESI,1940 9th Ave W,WA,"$1,200,000",3.25,"2,000",02/14/2020,700,Seattle,6.0,3
84,1551408,S,RESI,2007 Dexter Ave N #B,WA,"$760,000",1.75,"1,212",02/14/2020,700,Seattle,7.0,2
85,1553090,S,RESI,2007 Dexter Ave N #A,WA,"$760,000",1.75,"1,212",02/14/2020,700,Seattle,1.0,2
86,1524743,S,COND,301 W Raye St #206,WA,"$399,000",1.5,697,02/14/2020,700,Seattle,103.0,2
87,1551158,S,COND,1800 Taylor Ave N #211,WA,"$385,950",1.0,798,02/14/2020,700,Seattle,94.0,2
88,1536199,S,RESI,3408 10th Ave W,WA,"$1,060,000",2.25,"2,500",02/15/2020,700,Seattle,53.0,4
89,1553251,S,RESI,815 2nd Ave N #B,WA,"$1,050,000",2.25,"1,810",02/15/2020,700,Seattle,71.0,3
90,1556491,S,RESI,2003 13th Ave W,WA,"$689,950",1.75,"1,366",02/16/2020,700,Seattle,,2
91,1557864,S,RESI,3606 41st Ave W,WA,"$1,112,030",1.75,"2,210",02/17/2020,700,Seattle,6.0,3
92,1543604,S,COND,420 Valley St #W-411,WA,"$375,000",1.0,485,02/18/2020,700,Seattle,279.0,1
93,1533940,S,RESI,3237 22nd Ave W,WA,"$849,000",1.75,"1,740",02/18/2020,700,Seattle,69.0,3
94,1566594,S-UL,COND,521 5th W #604,WA,"$518,000",0.0,"1,073",02/18/2020,700,Seattle,,0
95,1561360,S,RESI,3812 13th Ave W #C,WA,"$797,000",2.5,"1,250",02/18/2020,700,Seattle,6.0,2
96,1547280,S,COND,18 Dravus St #302,WA,"$425,000",1.0,716,02/18/2020,700,Seattle,32.0,1
97,1524119,S,RESI,3051 36th Ave W,WA,"$895,995",2.0,"1,840",02/18/2020,700,Seattle,76.0,4
98,1534994,S,COND,202 W Olympic Place #104,WA,"$579,950",1.5,"1,012",02/18/2020,700,Seattle,91.0,2
99,1535377,S,COND,801 2nd Ave N #302,WA,"$642,000",1.75,"1,057",02/19/2020,700,Seattle,85.0,1
1001550353,S,COND,1504,Aurora Ave N #412,WA,"$440,000",1.75,981,02/19/2020,700,Seattle,5.0,2
1011539323,S,RESI,4527,W Raye St,WA,"$1,533,570",3.5,"3,750",02/19/2020,700,Seattle,197.0,5
1021556799,S,RESI,1908,29th Ave W,WA,"$1,625,000",2.75,"3,520",02/19/2020,700,Seattle,6.0,4
1031543318,S,RESI,2005,Dexter Ave N #B,WA,"$749,000",1.75,"1,212",02/20/2020,700,Seattle,64.0,2
1041560237,S,COND,1107,Olympic Wy W #B,WA,"$1,150,000",2.5,"2,253",02/20/2020,700,Seattle,8.0,2
1051556034,S,COND,202,W Olympic Place #305,WA,"$635,000",1.5,"1,184",02/20/2020,700,Seattle,4.0,2
1061521783,S,RESI,3819,34th Ave W,WA,"$707,000",2.25,"1,403",02/20/2020,700,Seattle,123.0,2
1071540247,S,RESI,2591,Magnolia Blvd W,WA,"$1,120,000",2.25,"2,680",02/20/2020,700,Seattle,58.0,4
1081522866,S,RESI,1523,1st Ave W,WA,"$2,250,000",4.0,"3,497",02/20/2020,700,Seattle,97.0,4
1091553494,S,RESI,1563,30th Ave W,WA,"$1,300,000",2.0,"2,220",02/20/2020,700,Seattle,11.0,2
1101554796,S,RESI,2626,29th Ave W,WA,"$1,350,000",2.0,"3,030",02/20/2020,700,Seattle,3.0,3
1111448462,S,COND,947,W McGraw St #42,WA,"$1,327,771",3.5,"1,724",02/21/2020,700,Seattle,,3
1121474018,S,COND,3604,26th Place W #202,WA,"$500,000",1.75,"1,548",02/21/2020,700,Seattle,219.0,3
1131553958,S,COND,2530,15th Ave W #301,WA,"$301,000",1.0,778,02/21/2020,700,Seattle,112.0,1
1141559602,S,COND,201,Galer St #436,WA,"$460,000",1.0,656,02/21/2020,700,Seattle,2.0,0
1151558733,S,COND,3608,14th Ave W #102,WA,"$360,000",1.0,660,02/24/2020,700,Seattle,15.0,1
1161551899,S,RESI,3641,32nd Ave W,WA,"$762,500",1.0,"1,560",02/24/2020,700,Seattle,8.0,2
1171559256,S,COND,812,5th Ave N #407,WA,"$615,000",1.75,911,02/24/2020,700,Seattle,6.0,2
1181534414,S,COND,2636,22nd Ave W #101,WA,"$455,000",1.75,"1,080",02/24/2020,700,Seattle,69.0,2
1191547943,S,RESI,3705,W Barrett St,WA,"$2,610,000",3.0,"4,025",02/25/2020,700,Seattle,36.0,4
1201372256,S,COND,927,W McGraw #37,WA,"$1,239,760",3.5,"2,002",02/25/2020,700,Seattle,124.0,3
1211541441,S,RESI,1507,1st Ave W #A,WA,"$730,000",1.75,"1,340",02/25/2020,700,Seattle,70.0,2
1221558908,S,RESI,2219,3rd Ave W,WA,"$1,235,000",2.25,"2,020",02/25/2020,700,Seattle,3.0,4
1231551926,S,COND,936,W Emerson St #A,WA,"$679,525",1.75,"1,350",02/26/2020,700,Seattle,5.0,2
1241556673,S,COND,2562,Thorndyke Ave W #305,WA,"$299,500",1.0,685,02/26/2020,700,Seattle,1.0,1
1251555634,S,COND,3045,20th Ave W #404,WA,"$350,000",1.0,765,02/26/2020,700,Seattle,11.0,2
1261499023,S,RESI,4350,32nd Ave W,WA,"$690,000",2.25,"1,333",02/27/2020,700,Seattle,183.0,3
1271553454,S,RESI,3017,22nd Ave W,WA,"$1,052,000",1.75,"1,920",02/27/2020,700,Seattle,7.0,3
1281536890,S,COND,500,5th Ave W #704,WA,"$748,240",1.75,963,02/28/2020,700,Seattle,96.0,2
1291555173,S,COND,120,W Highland Dr #222,WA,"$1,000,000",1.75,"1,285",02/28/2020,700,Seattle,6.0,2
1301559167,S,COND,1414,1st Ave W #302,WA,"$1,960,000",2.25,"2,251",02/28/2020,700,Seattle,5.0,3
1311558645,S,COND,612,Prospect St #401,WA,"$460,000",1.0,909,02/28/2020,700,Seattle,9.0,2
1321514603,S,COND,947,W McGraw St #41,WA,"$1,136,495",3.25,"1,595",02/28/2020,700,Seattle,110.0,3
1331268861,S,COND,2150,10th Ave W #52,WA,"$1,289,995",3.25,"2,111",02/28/2020,700,Seattle,103.0,3
1341557026,S,COND,812,5th Ave N #106,WA,"$351,000",1.0,484,02/28/2020,700,Seattle,7.0,0
1351547860,S,COND,555,Prospect St #4,WA,"$540,000",2.0,"1,006",02/28/2020,700,Seattle,138.0,2
1361556103,S,COND,220,W Olympic Place #202,WA,"$290,000",1.0,525,02/28/2020,700,Seattle,3.0,1
1371565341,S,RESI,5220,40th Ave W,WA,"$1,450,000",2.75,"3,440",02/29/2020,700,Seattle,2.0,4
1381550939,S,RESI,822,"6th Ave N #A,B,C",WA,"$1,100,000",2.5,"1,950",02/29/2020,700,Seattle,2.0,6
1391557759,S,COND,401,9th Ave N #314,WA,"$479,995",1.0,703,03/02/2020,700,Seattle,1.0,1
1401560817,S,RESI,2269,14th Ave W,WA,"$774,950",2.5,"1,620",03/03/2020,700,Seattle,,3
1411543474,S,RESI,3823,34th Ave W #A,WA,"$730,000",2.0,"1,304",03/03/2020,700,Seattle,67.0,2
1421536266,S,RESI,3054,29th Ave W,WA,"$1,425,000",2.75,"3,300",03/03/2020,700,Seattle,89.0,5
1431561174,S,COND,2167,Dexter Ave N #401,WA,"$590,000",2.0,"1,080",03/03/2020,700,Seattle,8.0,2
1441555737,S,RESI,2275,14th Ave W,WA,"$832,500",2.5,"1,620",03/04/2020,700,Seattle,,3
1451509922,S,COND,1800,Taylor N #203,WA,"$500,000",1.75,"1,187",03/04/2020,700,Seattle,151.0,2
1461561975,S,RESI,4430,29th Ave W,WA,"$708,000",1.75,"1,500",03/05/2020,700,Seattle,5.0,3
1471513762,S,RESI,1452,28th Ave W,WA,"$4,100,000",4.25,"4,680",03/05/2020,700,Seattle,124.0,4
1481564217,S,COND,601,W Mercer Place #301,WA,"$770,000",2.0,"1,513",03/05/2020,700,Seattle,3.0,2
1491558854,S,RESI,3920,W Barrett St,WA,"$1,598,000",2.25,"3,620",03/05/2020,700,Seattle,4.0,4
1501562245,S,RESI,2263,14th Ave W,WA,"$825,000",2.5,"1,620",03/06/2020,700,Seattle,,3
1511557561,S,RESI,3251,W Commodore Wy,WA,"$1,249,000",2.25,"1,923",03/06/2020,700,Seattle,4.0,3
1521514898,S,RESI,4567,35th Ave W,WA,"$750,000",2.25,"1,940",03/06/2020,700,Seattle,132.0,3
1531549578,S,COND,701,Galer St ##812,WA,"$660,000",2.25,"1,329",03/06/2020,700,Seattle,89.0,2
1541555909,S,COND,1000,Aurora Ave N #212,WA,"$455,000",1.0,762,03/06/2020,700,Seattle,18.0,1
1551559123,S,RESI,305,Valley St,WA,"$960,000",1.75,"1,280",03/06/2020,700,Seattle,3.0,2
1561557673,S,COND,511,Ward St #2,WA,"$535,000",1.0,912,03/06/2020,700,Seattle,16.0,2
1571532307,S,RESI,2267,14th Ave W,WA,"$774,950",2.5,"1,620",03/06/2020,700,Seattle,117.0,3
1581560820,S,RESI,3006,11th Ave W,WA,"$1,135,000",2.0,"1,800",03/06/2020,700,Seattle,7.0,4
1591536758,S,RESI,2555,43rd Ave W,WA,"$1,570,000",2.5,"3,540",03/07/2020,700,Seattle,98.0,4
1601575006,S-UL,RESI,1700,Magnolia Wy W,WA,"$1,955,000",3.0,"3,090",03/07/2020,700,Seattle,,4
1611432064,S,COND,941,W McGraw St #44,WA,"$1,219,995",3.25,"1,724",03/07/2020,700,Seattle,294.0,3
1621553512,S,COND,2450,Dexter Ave N #3,WA,"$295,000",1.0,652,03/09/2020,700,Seattle,18.0,1
1631511804,S,COND,907,Warren Ave N #203,WA,"$1,235,000",1.75,"1,977",03/09/2020,700,Seattle,155.0,3
1641559907,S,RESI,2900,1st Ave N,WA,"$1,685,000",2.5,"3,280",03/09/2020,700,Seattle,6.0,5
1651557675,S,RESI,362,Ward St,WA,"$4,800,000",4.5,"5,075",03/09/2020,700,Seattle,16.0,5
1661561593,S,COND,2200,Thorndyke Ave W #101,WA,"$393,000",1.0,746,03/09/2020,700,Seattle,11.0,2
1671552356,S,COND,609,W Mercer Place #300,WA,"$985,000",2.0,"1,740",03/10/2020,700,Seattle,30.0,2
1681556080,S,RESI,3010,W Government Wy,WA,"$721,000",1.75,"1,150",03/10/2020,700,Seattle,19.0,3
1691560129,S,RESI,715,W Prospect St,WA,"$2,355,500",2.75,"3,534",03/11/2020,700,Seattle,11.0,3
1701561807,S,RESI,307,Lynn St,WA,"$1,085,000",3.0,"2,670",03/11/2020,700,Seattle,2.0,4
1711561212,S,RESI,3616,24th Ave W,WA,"$1,113,000",2.25,"2,870",03/11/2020,700,Seattle,7.0,4
1721561173,S,COND,699,John St #708,WA,"$430,000",1.0,562,03/12/2020,700,Seattle,2.0,1
1731548059,S,RESI,2040,Westlake Ave N,WA,"$735,000",0.75,923,03/12/2020,700,Seattle,35.0,2
1741558520,S,COND,2000,W Barrett St #207,WA,"$359,950",1.0,651,03/12/2020,700,Seattle,13.0,1
1751562624,S,COND,530,4 Ave W #405,WA,"$525,000",1.0,846,03/12/2020,700,Seattle,4.0,1
1761543783,S,COND,2401,8th Ave N #202,WA,"$444,000",1.0,767,03/13/2020,700,Seattle,87.0,1
1771578287,S-UL,RESI,118,C W Florentia St,WA,"$838,750",2.75,"1,516",03/13/2020,700,Seattle,,3
1781562747,S,RESI,2265,14th Ave W,WA,"$774,950",2.5,"1,620",03/14/2020,700,Seattle,,3
1791557108,S,COND,1417,Queen Anne Ave N #204,WA,"$449,000",1.0,736,03/16/2020,700,Seattle,4.0,1
1801561456,S,RESI,2419,8th Ave W,WA,"$1,427,500",2.0,"3,500",03/16/2020,700,Seattle,6.0,4
1811561353,S,COND,2932,Mayfair Ave N #2,WA,"$531,800",1.5,936,03/16/2020,700,Seattle,7.0,2
1821577113,S,RESI,920,W Crockett St,WA,"$1,575,000",3.25,"2,598",03/17/2020,700,Seattle,,4
1831558669,S,RESI,3050,31st Ave W,WA,"$629,900",1.0,"1,250",03/18/2020,700,Seattle,13.0,3
1841564772,S,COND,3609,14th Ave W #201,WA,"$565,000",2.0,"1,360",03/18/2020,700,Seattle,5.0,2
1851566276,S,RESI,2105,3rd Ave W,WA,"$1,350,000",2.25,"2,030",03/18/2020,700,Seattle,8.0,3
1861558570,S,RESI,2902,W Eaton St,WA,"$2,488,000",4.5,"3,670",03/19/2020,700,Seattle,1.0,4
1871563895,S,COND,622,6th Ave W #201,WA,"$630,000",1.75,"1,278",03/20/2020,700,Seattle,3.0,2
1881558868,S,COND,1000,W 2nd Ave #6,WA,"$435,000",1.0,880,03/20/2020,700,Seattle,10.0,2
1891570387,S,COND,123,Queen Anne Ave N #403,WA,"$275,000",1.0,392,03/20/2020,700,Seattle,7.0,0
1901558901,S,RESI,4417,Williams Ave W,WA,"$1,755,000",2.5,"3,906",03/20/2020,700,Seattle,5.0,4
1911568094,S,RESI,1909,Bigelow Ave N,WA,"$1,553,000",2.5,"2,090",03/21/2020,700,Seattle,2.0,3
1921565352,S,RESI,2566,3rd Ave W,WA,"$995,000",3.5,"1,900",03/21/2020,700,Seattle,3.0,3
1931582170,S-UL,RESI,2230,3rd Ave W,WA,"$1,285,000",2.0,"2,400",03/21/2020,700,Seattle,,4
1941562403,S,RESI,2439,Piedmont Place W,WA,"$1,425,000",2.25,"2,620",03/22/2020,700,Seattle,11.0,3
1951568489,S,RESI,3021,24 Ave W,WA,"$700,000",2.0,"2,000",03/22/2020,700,Seattle,1.0,4
1961559967,S,RESI,918,W McGraw St,WA,"$1,375,000",2.25,"2,500",03/23/2020,700,Seattle,7.0,3
1971574211,S,RESI,3846,Williams Ave W,WA,"$860,000",1.75,"1,430",03/23/2020,700,Seattle,1.0,2
1981559059,S,COND,2200,Thorndyke Ave W #405,WA,"$395,000",1.0,605,03/23/2020,700,Seattle,2.0,1
1991568554,S,COND,1016,6th Ave N #102,WA,"$411,000",1.0,640,03/24/2020,700,Seattle,5.0,1
2001557110,S,COND,57,Etruria St #401,WA,"$450,000",1.5,699,03/24/2020,700,Seattle,3.0,1
2011539045,S,COND,655,Crockett St #A103,WA,"$567,500",2.0,"1,214",03/24/2020,700,Seattle,108.0,1
2021567046,S,RESI,2402,W Armour St,WA,"$1,700,000",3.25,"3,260",03/24/2020,700,Seattle,2.0,4
2031565523,S,COND,2253,Gilman Dr W #411,WA,"$485,000",1.75,"1,195",03/25/2020,700,Seattle,87.0,2
2041564841,S,RESI,3603,13th Ave W,WA,"$1,615,000",2.5,"2,660",03/25/2020,700,Seattle,6.0,3
2051566169,S,RESI,2849,36th Ave W,WA,"$772,000",1.0,960,03/25/2020,700,Seattle,5.0,3
2061569215,S,RESI,3229,35th Ave W,WA,"$845,000",1.0,"1,500",03/25/2020,700,Seattle,6.0,3
2071556350,S,COND,2500,W Manor Place #318,WA,"$410,000",1.0,"1,045",03/25/2020,700,Seattle,22.0,2
2081570389,S,RESI,3224,32nd Ave W,WA,"$849,087",1.75,"1,230",03/25/2020,700,Seattle,4.0,3
2091566737,S,COND,500,Elliott Ave W #205,WA,"$290,000",1.0,422,03/26/2020,700,Seattle,3.0,0
2101568057,S,RESI,2122,11th Ave W,WA,"$1,650,000",3.25,"3,010",03/27/2020,700,Seattle,2.0,4
2111569824,S,RESI,2508,W Viewmont Wy W,WA,"$1,660,000",2.75,"3,220",03/27/2020,700,Seattle,5.0,4
2121562774,S,COND,666,W Olympic Place #303,WA,"$745,000",2.0,"1,300",03/27/2020,700,Seattle,8.0,2
2131567643,S,RESI,4030,26th Ave W,WA,"$1,125,000",2.75,"2,520",03/27/2020,700,Seattle,3.0,3
2141567241,S,RESI,2945,25th Ave W,WA,"$1,250,000",2.25,"2,800",03/27/2020,700,Seattle,8.0,4
2151556434,S,COND,201,Galer St #171,WA,"$485,000",1.0,686,03/27/2020,700,Seattle,41.0,1
2161584490,S-UL,RESI,2656,13th Ave W,WA,"$855,000",1.5,"2,000",03/27/2020,700,Seattle,,2
2171573828,S,RESI,2848,34th Ave W,WA,"$1,205,000",2.0,"2,410",03/27/2020,700,Seattle,6.0,4
2181556786,S,RESI,1937,3rd Ave W,WA,"$2,865,000",3.5,"3,486",03/27/2020,700,Seattle,8.0,5
2191574411,S,RESI,2460,Montavista Place W,WA,"$1,386,000",2.25,"2,360",03/27/2020,700,Seattle,8.0,3
2201570991,S,RESI,2344,W Plymouth St #A,WA,"$950,000",2.5,"1,392",03/27/2020,700,Seattle,6.0,3
2211564062,S,RESI,512,Prospect St #A,WA,"$1,380,000",3.25,"2,070",03/29/2020,700,Seattle,5.0,3
2221570097,S,COND,654,W Olympic Place #402,WA,"$556,500",2.0,"1,075",03/30/2020,700,Seattle,7.0,2
2231559132,S,COND,129,Warren Ave N #H,WA,"$500,000",1.0,663,03/30/2020,700,Seattle,8.0,1
2241584544,S,RESI,2200,12th Ave W,WA,"$1,275,000",3.25,"2,126",03/30/2020,700,Seattle,1.0,3
2251558049,S,RESI,2552,29th Ave W,WA,"$905,000",2.25,"2,400",03/30/2020,700,Seattle,29.0,4
2261585116,S-UL,COND,1808,Minor Ave #3010,WA,"$547,975",1.0,425,03/30/2020,700,Seattle,,0
2271476530,S,COND,2510,W Bertona St #318,WA,"$360,000",1.0,769,03/30/2020,700,Seattle,246.0,1
2281531293,S,COND,123,John St #16,WA,"$340,000",1.0,672,03/30/2020,700,Seattle,124.0,1
2291575699,S,RESI,922,W Crockett St,WA,"$1,575,000",2.75,"2,370",03/31/2020,700,Seattle,,4
2301565468,S,RESI,4437,35th Ave W,WA,"$956,000",2.75,"2,090",03/31/2020,700,Seattle,10.0,3
2311571524,S,RESI,1916,11th Ave W,WA,"$935,000",1.0,"2,080",03/31/2020,700,Seattle,4.0,3
2321561016,S,COND,3802,25th Ave W #4G,WA,"$675,000",3.0,"1,483",03/31/2020,700,Seattle,5.0,3
2331564942,S,RESI,4001,W Briarcliff Lane,WA,"$1,500,000",2.5,"2,830",04/01/2020,700,Seattle,2.0,3
2341552336,S,COND,201,Galer Street #262,WA,"$460,000",1.0,665,04/01/2020,700,Seattle,154.0,1
2351567926,S,COND,2001,Westlake Ave N #45,WA,"$525,000",1.0,900,04/01/2020,700,Seattle,6.0,2
2361576296,S,RESI,3004,28th Ave W,WA,"$960,000",1.75,"2,600",04/02/2020,700,Seattle,4.0,4
2371576596,S,RESI,2619,Warren Ave N,WA,"$1,725,000",3.5,"3,420",04/02/2020,700,Seattle,8.0,3
2381561581,S,RESI,2112,A 3rd Ave N,WA,"$948,000",2.25,"1,467",04/03/2020,700,Seattle,15.0,3
2391586452,S-UL,RESI,5642,40th Ave W,WA,"$680,000",0.0,"1,150",04/03/2020,700,Seattle,,0
2401572982,S,COND,801,2nd Ave N #204,WA,"$611,000",1.75,"1,082",04/03/2020,700,Seattle,4.0,2
2411586508,S-UL,RESI,2836,30th Ave W,WA,"$930,000",1.75,"2,480",04/03/2020,700,Seattle,,3
2421586550,S-UL,COND,801,2nd Ave N #401,WA,"$2,100,000",3.75,"3,660",04/03/2020,700,Seattle,,2
2431586580,S-UL,RESI,219,W Lee St,WA,"$967,500",2.5,"1,490",04/03/2020,700,Seattle,,3
2441533740,S,RESI,2109,Montvale Ct W,WA,"$2,478,600",3.25,"4,547",04/06/2020,700,Seattle,9.0,4
2451576038,S,RESI,4350,30th Ave W,WA,"$1,160,000",2.5,"2,670",04/06/2020,700,Seattle,3.0,4
2461563900,S,COND,29,Etruria St #A304,WA,"$288,000",1.0,452,04/07/2020,700,Seattle,23.0,0
2471559169,S,RESI,3019,24th Ave W,WA,"$1,389,000",2.5,"3,120",04/07/2020,700,Seattle,19.0,5
2481563321,S,RESI,622,W Smith St,WA,"$1,100,000",2.5,"2,400",04/08/2020,700,Seattle,14.0,4
2491576184,S,RESI,1209,6th Ave N,WA,"$1,150,000",2.0,"1,700",04/08/2020,700,Seattle,4.0,3
2501579794,S,COND,2334,Thorndyke Ave W #101,WA,"$524,000",2.0,956,04/08/2020,700,Seattle,3.0,2
2511566510,S,COND,2244,13th Ave W #415,WA,"$452,000",1.0,811,04/09/2020,700,Seattle,15.0,2
2521572459,S,RESI,4206,36th Ave W,WA,"$700,000",2.0,"1,500",04/09/2020,700,Seattle,5.0,3
2531568127,S,RESI,3029,W Howe St,WA,"$875,000",1.75,"1,790",04/09/2020,700,Seattle,7.0,3
2541569117,S,COND,1730,Taylor Ave N #106,WA,"$340,000",1.0,600,04/10/2020,700,Seattle,19.0,1
2551588756,S-UL,RESI,1503,28th Ave W,WA,"$2,289,000",3.5,"5,060",04/10/2020,700,Seattle,,5
2561562754,S,RESI,1412,11th Ave W,WA,"$1,125,000",1.75,"2,490",04/10/2020,700,Seattle,25.0,3
2571572236,S,COND,2401,8th Ave N #301,WA,"$642,000",1.75,"1,065",04/10/2020,700,Seattle,8.0,2
2581573913,S,RESI,2344,W Plymouth St #B,WA,"$929,959",2.5,"1,392",04/10/2020,700,Seattle,4.0,3
2591567630,S,RESI,3420,33rd Ave W,WA,"$709,000",1.0,"1,740",04/10/2020,700,Seattle,7.0,3
2601568347,S,RESI,2137,10th Ave W #B,WA,"$1,260,000",3.0,"2,012",04/11/2020,700,Seattle,6.0,4
2611567654,S,COND,519,W Roy St #413,WA,"$284,000",1.0,531,04/14/2020,700,Seattle,6.0,0
2621569654,S,RESI,3502,29th Ave W,WA,"$1,125,000",2.5,"2,240",04/14/2020,700,Seattle,13.0,3
2631561902,S,COND,18,Dravus St #308,WA,"$405,000",1.0,597,04/14/2020,700,Seattle,32.0,1
2641561527,S,RESI,732,3rd Ave N,WA,"$940,000",2.25,"1,233",04/14/2020,700,Seattle,35.0,2
2651576012,S,RESI,3520,W Elmore,WA,"$825,000",2.25,"1,675",04/14/2020,700,Seattle,1.0,3
2661567089,S,RESI,3813,Gilman Ave W,WA,"$823,500",2.0,"1,820",04/15/2020,700,Seattle,19.0,3
2671574470,S,COND,2348,W Newton St #2,WA,"$633,000",1.75,"1,185",04/15/2020,700,Seattle,5.0,3
2681576018,S,COND,699,John St #605,WA,"$544,000",1.75,865,04/15/2020,700,Seattle,3.0,1
2691568545,S,RESI,2562,7th Ave W,WA,"$1,440,000",2.25,"2,493",04/16/2020,700,Seattle,6.0,4
2701575971,S,RESI,2577,24th Ave W,WA,"$950,000",1.75,"1,920",04/16/2020,700,Seattle,5.0,3
2711576871,S,COND,812,5th Ave N #405,WA,"$519,000",1.0,707,04/17/2020,700,Seattle,175.0,1
2721581977,S,RESI,3423,13th Ave W,WA,"$1,045,000",2.0,"1,560",04/17/2020,700,Seattle,10.0,3
2731582556,S,RESI,1829,D 11th Ave W,WA,"$800,000",1.75,"1,290",04/18/2020,700,Seattle,,3
2741576452,S,COND,2530,15th Ave W #303,WA,"$305,000",1.0,682,04/20/2020,700,Seattle,5.0,1
2751579677,S,RESI,4002,32nd Ave W,WA,"$665,000",1.0,"1,420",04/22/2020,700,Seattle,4.0,2
2761577391,S,RESI,1942,7th Ave W,WA,"$2,150,000",3.0,"3,864",04/22/2020,700,Seattle,6.0,5
2771565646,S,RESI,3021,12th Ave W,WA,"$1,525,000",4.0,"3,080",04/22/2020,700,Seattle,6.0,4
2781573711,S,RESI,709,W Dravus St,WA,"$895,000",1.75,"2,160",04/22/2020,700,Seattle,12.0,3
2791572166,S,COND,1525,Taylor Ave N #606,WA,"$430,000",1.0,581,04/23/2020,700,Seattle,2.0,1
2801571411,S,RESI,5622,42nd Ave W,WA,"$2,700,000",2.5,"4,194",04/23/2020,700,Seattle,488.0,3
2811570822,S,RESI,2217,3rd Ave W,WA,"$1,625,000",3.0,"2,600",04/23/2020,700,Seattle,25.0,4
2821570440,S,RESI,3309,W Bertona St,WA,"$870,000",1.75,"1,980",04/23/2020,700,Seattle,7.0,3
2831571922,S,COND,2145,Dexter Ave N #306,WA,"$455,000",1.0,706,04/23/2020,700,Seattle,7.0,1
2841576363,S,RESI,2319,W Emerson St,WA,"$620,000",1.0,"2,310",04/23/2020,700,Seattle,10.0,4
2851580222,S,RESI,2633,W Lynn St,WA,"$1,250,000",2.5,"2,955",04/24/2020,700,Seattle,4.0,4
2861572819,S,RESI,3700,B W Fulton St,WA,"$1,600,000",3.25,"3,400",04/24/2020,700,Seattle,8.0,5
2871577828,S,COND,201,Galer St #363,WA,"$515,000",1.0,720,04/26/2020,700,Seattle,9.0,1
2881576434,S,RESI,2327,W Crockett St,WA,"$1,055,000",3.25,"1,880",04/27/2020,700,Seattle,6.0,3
2891576359,S,RESI,122,W Florentia St,WA,"$1,095,000",2.75,"2,770",04/27/2020,700,Seattle,60.0,5
2901580644,S,RESI,3803,31st Ave W,WA,"$1,000,500",2.25,"2,268",04/28/2020,700,Seattle,6.0,3
2911581939,S,RESI,1009,W Garfield St,WA,"$651,000",1.0,"1,510",04/29/2020,700,Seattle,4.0,2
2921565146,S,RESI,3700,W Lawton St,WA,"$2,300,000",3.25,"5,570",04/29/2020,700,Seattle,24.0,5
2931581826,S,COND,2134,Waverly Place N #101,WA,"$545,000",1.75,977,04/30/2020,700,Seattle,13.0,2
2951583319,S,RESI,3026,27th Ave W,WA,"$939,000",1.75,"1,850",04/30/2020,700,Seattle,4.0,4
2961570644,S,RESI,4570,36TH Ave W,WA,"$1,009,540",1.75,"2,134",04/30/2020,700,Seattle,5.0,4
2971584895,S,RESI,4331,29th Ave W,WA,"$929,000",1.75,"2,420",04/30/2020,700,Seattle,9.0,4
2981561945,S,RESI,2150,32nd Ave W,WA,"$1,400,000",2.25,"2,750",05/01/2020,700,Seattle,41.0,4
2991585434,S,RESI,1931,5th Ave W,WA,"$2,222,000",3.25,"3,450",05/01/2020,700,Seattle,,4
3001585196,S,RESI,3810,13th Ave W #B,WA,"$845,000",2.25,"1,591",05/02/2020,700,Seattle,4.0,3
3011572938,S,RESI,2820,39th Ave W,WA,"$1,300,000",3.75,"3,501",05/02/2020,700,Seattle,16.0,4
3021576775,S,COND,699,John Street #611,WA,"$522,000",1.5,846,05/04/2020,700,Seattle,1.0,1
3031578703,S,RESI,2001,28th Ave W,WA,"$1,230,000",2.0,"2,700",05/05/2020,700,Seattle,14.0,4
3041552095,S,COND,1001,2nd Ave W #103,WA,"$545,000",1.75,"1,298",05/05/2020,700,Seattle,23.0,2
3051580667,S,RESI,3601,23rd Ave W,WA,"$857,600",1.0,"1,190",05/06/2020,700,Seattle,11.0,4
3061577002,S,RESI,3301,W Fort St,WA,"$1,335,000",3.75,"3,450",05/06/2020,700,Seattle,12.0,6
3071563842,S,RESI,3449,Gilman Ave W,WA,"$595,000",2.5,"1,590",05/06/2020,700,Seattle,44.0,2
3081581029,S,COND,123,Queen Anne Ave N #603,WA,"$290,000",1.0,412,05/07/2020,700,Seattle,4.0,0
3091583020,S,RESI,4323,32nd Ave W,WA,"$780,000",1.75,"1,440",05/07/2020,700,Seattle,3.0,3
3101579297,S,RESI,3033,28th Ave W,WA,"$935,000",1.5,"2,440",05/08/2020,700,Seattle,4.0,4
3111585167,S,RESI,1613,4th Ave N,WA,"$1,400,000",2.0,"2,721",05/10/2020,700,Seattle,7.0,3
3121557322,S,COND,2530,15th Ave W #401,WA,"$337,000",1.0,778,05/12/2020,700,Seattle,76.0,1
3131576690,S,RESI,1936,10th Ave W #B,WA,"$991,000",2.0,"1,690",05/12/2020,700,Seattle,39.0,3
3141560801,S,RESI,2468,42nd W,WA,"$1,295,000",2.75,"3,480",05/13/2020,700,Seattle,26.0,4
3151583979,S,COND,1730,Taylor Ave N #302,WA,"$378,500",1.0,650,05/13/2020,700,Seattle,8.0,1
3161579289,S,RESI,2308,Eyres Place W,WA,"$3,300,000",3.25,"4,470",05/14/2020,700,Seattle,27.0,4
3171573335,S,RESI,3601,Perkins Lane W,WA,"$1,400,000",2.5,"2,540",05/14/2020,700,Seattle,7.0,3
3181538955,S,COND,520,2nd Ave W #408,WA,"$560,000",1.75,818,05/15/2020,700,Seattle,152.0,2
3191578319,S,RESI,2812,36th Ave W,WA,"$950,000",2.5,"2,140",05/18/2020,700,Seattle,39.0,4
3201585061,S,RESI,2309,30th Ave W,WA,"$1,050,000",1.75,"2,380",05/19/2020,700,Seattle,19.0,3
3211592145,S,COND,655,Crockett St #A408,WA,"$619,000",1.75,964,05/19/2020,700,Seattle,4.0,1
3221590433,S,COND,1707,Dexter Ave N #C,WA,"$1,550,000",3.25,"2,360",05/19/2020,700,Seattle,72.0,3
3231579964,S,RESI,2801,W Newton St,WA,"$1,325,000",3.5,"2,895",05/20/2020,700,Seattle,29.0,4
3241589968,S,RESI,3222,36th Ave W,WA,"$1,229,000",3.25,"2,380",05/20/2020,700,Seattle,3.0,4
3251588411,S,RESI,4207,29th Ave W,WA,"$957,000",1.75,"2,180",05/20/2020,700,Seattle,4.0,4
3261587440,S,RESI,30,W Etruria St,WA,"$825,000",2.0,"1,586",05/21/2020,700,Seattle,3.0,4
3271587171,S,RESI,3039,20th Ave W,WA,"$780,000",1.75,"1,681",05/21/2020,700,Seattle,2.0,3
3281583150,S,RESI,2438,W Lynn St,WA,"$1,327,000",3.5,"2,710",05/21/2020,700,Seattle,5.0,4
3291605148,S-UL,COND,102,Galer St #302,WA,"$500,000",1.0,762,05/21/2020,700,Seattle,,1
3301562497,S,RESI,4422,31st Ave W,WA,"$1,638,000",3.5,"3,284",05/22/2020,700,Seattle,12.0,4
3311584061,S,RESI,2205,Bigelow Ave N #12,WA,"$739,000",1.0,"1,010",05/22/2020,700,Seattle,10.0,2
3321579781,S,COND,519,W Roy St #414,WA,"$380,000",1.0,670,05/22/2020,700,Seattle,36.0,1
3331589729,S,RESI,3016,W Garfield St,WA,"$1,350,000",2.0,"2,640",05/22/2020,700,Seattle,2.0,3
3341583918,S,COND,501,Roy St #305,WA,"$545,000",1.0,812,05/22/2020,700,Seattle,38.0,1
3351570997,S,COND,812,5th Ave N #209,WA,"$339,000",1.0,471,05/26/2020,700,Seattle,58.0,0
3361588490,S,RESI,2513,W Raye St,WA,"$1,715,000",2.75,"3,560",05/26/2020,700,Seattle,10.0,4
3371563025,S,COND,620,W Mercer Place #3C,WA,"$770,000",2.0,"1,486",05/26/2020,700,Seattle,66.0,3
3381544707,S,COND,129,Warren Ave N #19,WA,"$227,000",1.0,317,05/26/2020,700,Seattle,147.0,0
3391590916,S,COND,1400,Taylor Ave N #205,WA,"$500,000",1.5,940,05/26/2020,700,Seattle,29.0,2
3401587462,S,COND,1623,Taylor Ave N #201,WA,"$302,000",1.0,700,05/26/2020,700,Seattle,11.0,1
3411587370,S,COND,919,2nd Ave W #408,WA,"$310,000",1.0,564,05/26/2020,700,Seattle,10.0,1
3421577506,S,COND,609,W Mercer Place #400,WA,"$990,000",2.0,"1,740",05/27/2020,700,Seattle,40.0,2
3431589628,S,RESI,2233,12th Ave W,WA,"$1,295,995",2.5,"2,980",05/27/2020,700,Seattle,7.0,4
3441576860,S,RESI,2119,4th Ave N #B,WA,"$1,185,900",2.5,"1,584",05/28/2020,700,Seattle,,3
3451591797,S,RESI,3651,Perkins Lane W,WA,"$875,000",2.25,"1,890",05/28/2020,700,Seattle,3.0,2
3461562555,S,COND,3045,20th Ave W #105,WA,"$311,750",1.0,513,05/28/2020,700,Seattle,72.0,1
3471590588,S,RESI,2123,10th Ave W #C,WA,"$935,000",2.25,"1,460",05/29/2020,700,Seattle,1.0,3
3481597688,S,RESI,1616,3rd Ave N,WA,"$1,605,000",1.5,"2,514",05/29/2020,700,Seattle,7.0,3
3491593208,S,RESI,3206,22nd Ave W,WA,"$840,000",2.25,"1,560",05/29/2020,700,Seattle,5.0,3
3501598803,S,RESI,3425,21st Ave W #A,WA,"$699,000",3.5,"1,790",05/29/2020,700,Seattle,3.0,3
3511608546,S-UL,RESI,406,Wheeler St,WA,"$1,350,000",3.25,"2,530",05/29/2020,700,Seattle,,5
3521585538,S,RESI,1807,11th Ave W,WA,"$950,000",1.0,"2,100",05/30/2020,700,Seattle,18.0,2
3531595075,S,RESI,1831,11th Ave W,WA,"$1,200,000",2.25,"1,872",05/30/2020,700,Seattle,3.0,3
3541570676,S,RESI,5416,39th Ave W,WA,"$2,250,000",3.0,"3,140",05/30/2020,700,Seattle,49.0,5
3551598620,S,RESI,14,Newell St,WA,"$1,290,000",1.75,"2,500",05/30/2020,700,Seattle,7.0,4
3561585175,S,RESI,1017,5th Ave W,WA,"$2,100,000",3.0,"3,180",05/31/2020,700,Seattle,34.0,3
3571573542,S,COND,1913,13th Ave W #B2,WA,"$665,000",1.5,"1,420",06/01/2020,700,Seattle,53.0,2
3581574697,S,RESI,4521,W McLaren St,WA,"$1,195,000",1.75,"1,760",06/01/2020,700,Seattle,38.0,2
3591609123,S-UL,RESI,2706,Queen Anne Ave N,WA,"$1,150,000",2.0,"2,150",06/01/2020,700,Seattle,,4
3601497930,S,RESI,2587,Magnolia Blvd W,WA,"$2,300,000",3.0,"3,190",06/01/2020,700,Seattle,255.0,4
3611592189,S,RESI,3610,31st Ave W,WA,"$763,200",1.5,"1,550",06/01/2020,700,Seattle,5.0,3
3621589116,S,RESI,3041,20th Ave W,WA,"$795,000",1.75,"1,681",06/01/2020,700,Seattle,2.0,3
3631576348,S,COND,507,W Mercer St #502,WA,"$670,000",1.75,926,06/02/2020,700,Seattle,35.0,2
3641574871,S,RESI,3408,30th Ave W,WA,"$1,700,000",3.0,"3,570",06/02/2020,700,Seattle,46.0,4
3651538155,S,COND,2312,W Boston St #103,WA,"$635,000",1.75,"1,114",06/02/2020,700,Seattle,142.0,2
3661574812,S,RESI,934,2nd Ave W,WA,"$1,175,000",2.5,"1,580",06/02/2020,700,Seattle,5.0,3
3671579946,S,COND,1302,Queen Anne Ave N #4,WA,"$374,000",1.0,750,06/03/2020,700,Seattle,29.0,2
3681582227,S,RESI,1623,6th Ave W,WA,"$1,250,000",1.75,"2,300",06/03/2020,700,Seattle,37.0,3
3691584110,S,COND,301,W Raye St #204,WA,"$409,950",1.5,716,06/03/2020,700,Seattle,15.0,2
3701575795,S,RESI,3759,W Commodore Wy,WA,"$1,299,000",2.5,"3,130",06/04/2020,700,Seattle,17.0,4
3711567428,S,COND,1000,Aurora Ave N #N412,WA,"$436,900",1.0,762,06/05/2020,700,Seattle,46.0,1
3721590039,S,RESI,2846,23rd Ave W,WA,"$917,000",1.75,"1,712",06/05/2020,700,Seattle,12.0,3
3731589863,S,COND,700,Crockett St #1A,WA,"$567,500",1.75,"1,104",06/05/2020,700,Seattle,8.0,2
3741611912,S-UL,RESI,2829,35th Ave W,WA,"$1,015,000",2.0,"2,580",06/05/2020,700,Seattle,,5
3751575810,S,RESI,1215,Aurora Ave N,WA,"$898,000",2.5,"1,650",06/06/2020,700,Seattle,20.0,3
3761600767,S,RESI,3217,21st Ave W #B,WA,"$633,505",3.25,"1,260",06/06/2020,700,Seattle,,3
3771612394,S-UL,RESI,3306,W Government Wy #A,WA,"$720,000",1.75,"1,374",06/08/2020,700,Seattle,,3
3781591700,S,RESI,2123,11th Ave W,WA,"$760,000",1.75,"1,760",06/08/2020,700,Seattle,16.0,2
3791600071,S,COND,3710,26th Place W #B8,WA,"$361,000",0.75,815,06/08/2020,700,Seattle,2.0,1
3801578228,S,RESI,2420,1st Ave W,WA,"$1,185,000",1.5,"1,980",06/08/2020,700,Seattle,54.0,4
3811591526,S,RESI,3508,W Thurman St,WA,"$799,000",1.75,"1,440",06/08/2020,700,Seattle,15.0,2
3821597704,S,COND,699,John St #713,WA,"$699,900",1.75,"1,194",06/09/2020,700,Seattle,3.0,2
3831575814,S,RESI,2126,33rd Ave W,WA,"$965,000",2.5,"2,700",06/09/2020,700,Seattle,19.0,4
3841599034,S,RESI,2205,Bigelow Ave N #1,WA,"$835,000",1.0,"1,170",06/09/2020,700,Seattle,4.0,2
3851593699,S,COND,330,W Olympic Place #405,WA,"$549,000",1.0,645,06/09/2020,700,Seattle,5.0,1
3861578382,S,COND,1504,Aurora Ave N #105,WA,"$395,000",1.5,818,06/10/2020,700,Seattle,3.0,2
3871566829,S,COND,17,W Mercer St #4,WA,"$700,000",2.5,"1,511",06/10/2020,700,Seattle,49.0,2
3881589608,S,RESI,2916,3RD Ave N,WA,"$919,000",1.75,"1,970",06/10/2020,700,Seattle,22.0,2
3891597458,S,RESI,2410,W Boston St,WA,"$690,000",1.75,"1,120",06/10/2020,700,Seattle,8.0,2
3901608309,S,RESI,2509,W McGraw St,WA,"$1,700,000",2.5,"3,500",06/11/2020,700,Seattle,4.0,5
3911575765,S,COND,22,John St #27,WA,"$250,000",0.75,475,06/11/2020,700,Seattle,9.0,1
3921605704,S,RESI,1910,Edgemont Place W,WA,"$1,210,000",1.75,"2,750",06/12/2020,700,Seattle,6.0,3
3931575972,S,RESI,2738,Westlake Ave N #36,WA,"$325,000",1.0,360,06/12/2020,700,Seattle,55.0,1
3941595065,S,RESI,18,W Etruria St #B,WA,"$836,180",3.0,"1,690",06/12/2020,700,Seattle,6.0,3
3951589647,S,RESI,2910,W Smith St,WA,"$1,190,000",2.5,"2,510",06/12/2020,700,Seattle,7.0,3
3961579352,S,COND,125,Warren Ave N #F,WA,"$380,000",1.0,647,06/12/2020,700,Seattle,57.0,1
3971600524,S,RESI,918,W Howe St,WA,"$760,000",1.0,"1,470",06/12/2020,700,Seattle,2.0,2
3981588934,S,RESI,3306,W Government Wy #C,WA,"$719,000",1.75,"1,340",06/12/2020,700,Seattle,29.0,3
3991615290,S-UL,RESI,3310,W Government Wy #C,WA,"$799,000",1.75,"1,473",06/12/2020,700,Seattle,,3
4001600155,S,RESI,1533,Magnolia Wy W,WA,"$1,895,000",3.5,"3,340",06/13/2020,700,Seattle,,4
4011615363,S-UL,RESI,2462,Westmont Wy W,WA,"$2,115,000",4.0,"3,740",06/13/2020,700,Seattle,,4
4021589612,S,RESI,1132,8th Ave W,WA,"$1,550,000",1.5,"2,498",06/13/2020,700,Seattle,20.0,3
4031593452,S,COND,621,5th Ave N #409,WA,"$636,000",1.75,938,06/15/2020,700,Seattle,7.0,2
4041571112,S,COND,323,Queen Anne Ave N #413,WA,"$350,000",1.0,532,06/15/2020,700,Seattle,45.0,1
4051601172,S,RESI,3020,14th Ave W #B,WA,"$888,000",2.5,"1,760",06/15/2020,700,Seattle,16.0,3
4061580352,S,RESI,2702,1st Ave W,WA,"$2,425,000",3.5,"3,700",06/16/2020,700,Seattle,8.0,5
4071595318,S,COND,100,Ward St #203,WA,"$715,000",1.75,"1,275",06/16/2020,700,Seattle,5.0,2
4081605088,S,RESI,4225,Williams Ave W,WA,"$1,146,500",2.75,"2,740",06/16/2020,700,Seattle,24.0,5
4091596812,S,RESI,1618,10th Ave W,WA,"$1,085,000",2.25,"1,880",06/16/2020,700,Seattle,8.0,3
4101609479,S,RESI,2406,5th Ave W,WA,"$1,280,000",2.25,"2,270",06/16/2020,700,Seattle,1.0,4
4111588144,S,RESI,2345,W Halladay St,WA,"$1,550,000",3.75,"4,330",06/17/2020,700,Seattle,18.0,5
4121600847,S,RESI,2414,W Raye St,WA,"$1,320,000",2.75,"2,460",06/17/2020,700,Seattle,1.0,4
4131605526,S,RESI,3214,15th Ave W #A,WA,"$699,950",2.25,"1,438",06/17/2020,700,Seattle,,2
4141594304,S,RESI,4058,32nd Ave W,WA,"$951,000",2.0,"2,175",06/17/2020,700,Seattle,7.0,3
4151595184,S,COND,919,2nd Ave W #607,WA,"$300,000",1.0,600,06/17/2020,700,Seattle,6.0,1
4161600657,S,COND,612,Prospect St #204,WA,"$370,000",1.0,679,06/17/2020,700,Seattle,,1
4171578647,S,RESI,2240,W Viewmont Wy W,WA,"$3,300,000",3.0,"4,473",06/17/2020,700,Seattle,51.0,4
4181601842,S,RESI,3479,21st Ave W,WA,"$660,000",2.25,"1,332",06/18/2020,700,Seattle,4.0,3
4191607248,S,RESI,2635,Nob Hill Ave N,WA,"$1,328,500",2.5,"2,090",06/18/2020,700,Seattle,3.0,4
4201608608,S,RESI,2127,5th Ave W,WA,"$900,000",1.0,"2,000",06/18/2020,700,Seattle,2.0,3
4211594446,S,RESI,2460,Westlake Ave N #A,WA,"$1,737,500",2.0,"1,840",06/18/2020,700,Seattle,3.0,3
4221617831,S-UL,RESI,3037,12th Ave W,WA,"$720,000",0.0,"1,280",06/18/2020,700,Seattle,,0
4231581537,S,RESI,44,Florentia St,WA,"$730,000",2.5,"1,590",06/18/2020,700,Seattle,59.0,3
4241602874,S,RESI,2719,10th Ave W,WA,"$1,279,000",2.25,"2,140",06/19/2020,700,Seattle,23.0,4
4261511107,S,RESI,2326,W Viewmont Wy W,WA,"$1,900,000",4.0,"3,910",06/19/2020,700,Seattle,236.0,5
4271580284,S,COND,401,9th Ave N #101,WA,"$599,000",1.5,993,06/19/2020,700,Seattle,55.0,1
4281556991,S,RESI,5427,40th Ave W,WA,"$1,272,500",3.75,"3,470",06/19/2020,700,Seattle,110.0,4
4291571412,S,RESI,1506,1st Ave N,WA,"$1,325,000",3.0,"2,085",06/20/2020,700,Seattle,18.0,4
4301595822,S,RESI,2222,Warren Ave N,WA,"$2,085,000",3.75,"2,768",06/20/2020,700,Seattle,78.0,4
4311594300,S,COND,720,Queen Anne Ave N #108,WA,"$461,000",1.0,612,06/20/2020,700,Seattle,24.0,1
4321606282,S,RESI,2631,38th Ave W,WA,"$1,625,000",3.5,"3,510",06/22/2020,700,Seattle,2.0,6
4331594622,S,RESI,910,W Howe St,WA,"$1,047,000",1.75,"2,440",06/22/2020,700,Seattle,22.0,5
4341602750,S,RESI,2100,Westlake Ave N #JL23,WA,"$400,000",0.75,742,06/22/2020,700,Seattle,3.0,1
4351604869,S,RESI,1922,A 11th Ave W,WA,"$829,000",3.25,"1,324",06/23/2020,700,Seattle,8.0,3
4361603311,S,RESI,2916,W Thurman St,WA,"$745,000",1.0,890,06/23/2020,700,Seattle,10.0,2
4371600698,S,COND,3710,26th Place W #206,WA,"$305,000",1.0,755,06/23/2020,700,Seattle,9.0,1
4381592311,S,RESI,2466,4th Ave N,WA,"$1,245,000",2.0,"2,760",06/23/2020,700,Seattle,4.0,3
4391603210,S,COND,3710,27th Place W #207,WA,"$350,000",1.0,750,06/23/2020,700,Seattle,2.0,1
4401595012,S,RESI,2905,25th Ave W,WA,"$1,575,000",2.5,"3,380",06/23/2020,700,Seattle,17.0,5
4411600418,S,RESI,2449,34th Ave W,WA,"$1,174,000",2.75,"2,420",06/23/2020,700,Seattle,7.0,3
4421599801,S,RESI,1628,10th Ave W,WA,"$1,372,000",2.25,"2,520",06/23/2020,700,Seattle,8.0,4
4431620442,S-UL,RESI,2532,Crestomont Place W,WA,"$1,100,000",0.0,"2,470",06/24/2020,700,Seattle,,0
4441603092,S,COND,1909,10th Ave W #208,WA,"$343,000",1.0,492,06/24/2020,700,Seattle,7.0,1
4451595315,S,RESI,509,W Raye St,WA,"$1,095,778",1.75,"1,840",06/24/2020,700,Seattle,8.0,3
4461600240,S,RESI,1824,1st Ave W,WA,"$1,260,000",1.75,"2,230",06/24/2020,700,Seattle,9.0,3
4471601160,S,COND,2253,Gilman Dr W #208,WA,"$520,000",1.75,"1,042",06/24/2020,700,Seattle,21.0,2
4481601390,S,RESI,3427,36th Ave W,WA,"$1,575,000",3.25,"2,960",06/24/2020,700,Seattle,9.0,5
4491600461,S,COND,3710,27th Place W #406,WA,"$450,000",0.75,931,06/24/2020,700,Seattle,13.0,2
4501602710,S,COND,2400,8th Ave N #2,WA,"$875,000",2.0,"1,350",06/24/2020,700,Seattle,8.0,2
4511402547,S,COND,323,Queen Anne Ave N #516,WA,"$564,000",2.0,916,06/25/2020,700,Seattle,551.0,2
4521604413,S,RESI,3017,27th Ave W,WA,"$1,260,000",1.75,"2,300",06/25/2020,700,Seattle,2.0,3
4531482280,S,COND,2510,W Bertona St #214,WA,"$350,000",1.0,818,06/25/2020,700,Seattle,292.0,1
4541591981,S,COND,57,Etruria St #1,WA,"$380,000",1.0,725,06/25/2020,700,Seattle,28.0,1
4551597218,S,COND,617,W Mercer Place #201,WA,"$635,000",1.75,"1,345",06/26/2020,700,Seattle,8.0,2
4561606956,S,RESI,3031,32nd Ave W,WA,"$1,120,000",2.75,"2,800",06/26/2020,700,Seattle,8.0,4
4571605647,S,RESI,2643,W Newton St,WA,"$1,094,000",1.75,"2,120",06/26/2020,700,Seattle,5.0,3
4581609497,S,RESI,1611,10th Ave W,WA,"$1,290,000",3.75,"3,190",06/27/2020,700,Seattle,18.0,5
4591560255,S,RESI,3253,W Commodore Wy,WA,"$950,000",2.25,"1,657",06/27/2020,700,Seattle,72.0,3
4601604759,S,RESI,2208,12th Ave W,WA,"$1,250,000",3.25,"2,112",06/28/2020,700,Seattle,7.0,4
4611584063,S,RESI,812,Warren Ave N,WA,"$1,860,000",3.0,"3,040",06/29/2020,700,Seattle,4.0,2
4621599602,S,RESI,1924,11th Ave W,WA,"$949,000",2.75,"2,240",06/29/2020,700,Seattle,9.0,3
4631608298,S,RESI,2110,A 3rd Ave N,WA,"$1,090,000",2.5,"1,662",06/29/2020,700,Seattle,,3
4641575348,S,RESI,402,W Galer St,WA,"$1,505,000",4.0,"2,849",06/29/2020,700,Seattle,68.0,5
4651601182,S,RESI,3109,W Elmore St,WA,"$982,500",2.25,"1,920",06/29/2020,700,Seattle,6.0,3
4661586484,S,RESI,1918,35th Ave W,WA,"$2,300,000",4.5,"5,170",06/30/2020,700,Seattle,49.0,6
4671599758,S,RESI,2617,28th Ave W,WA,"$1,326,000",2.25,"2,460",06/30/2020,700,Seattle,18.0,3
4681598963,S,COND,2253,Gilman Dr W #201,WA,"$526,000",1.75,"1,173",06/30/2020,700,Seattle,11.0,2
4691607364,S,COND,1400,2nd Ave N #284,WA,"$345,000",1.0,526,06/30/2020,700,Seattle,1.0,0
4701595680,S,RESI,515,W Prospect St,WA,"$5,800,000",5.0,"5,510",06/30/2020,700,Seattle,3.0,5
4711584962,S,RESI,2112,C 3rd Ave N,WA,"$899,800",2.25,"1,467",06/30/2020,700,Seattle,65.0,3
4721602985,S,RESI,2320,Eyres Place W,WA,"$1,195,000",2.25,"3,250",06/30/2020,700,Seattle,11.0,4
4731610259,S,RESI,2837,13th Ave W,WA,"$2,388,000",3.75,"4,150",06/30/2020,700,Seattle,3.0,6
4741604453,S,COND,3710,26th Place W #106,WA,"$332,000",1.0,825,06/30/2020,700,Seattle,6.0,1
4751571804,S,RESI,3406,Magnolia Blvd W,WA,"$1,950,000",3.25,"3,260",06/30/2020,700,Seattle,26.0,4
4761601983,S,RESI,4038,35th Ave W,WA,"$1,290,000",2.25,"2,430",06/30/2020,700,Seattle,5.0,3
4771609174,S,RESI,3615,43rd Ave W,WA,"$1,202,000",2.0,"3,220",06/30/2020,700,Seattle,,4
4781607141,S,COND,3216,14th Ave W #208,WA,"$440,000",1.5,813,06/30/2020,700,Seattle,6.0,2
4791609078,S,RESI,3310,W Government Wy #A,WA,"$799,000",1.75,"1,473",07/01/2020,700,Seattle,4.0,3
4801605239,S,RESI,3610,29th Ave W,WA,"$940,000",1.75,"2,280",07/01/2020,700,Seattle,61.0,3
4811606834,S,COND,1623,Taylor Ave N #305,WA,"$295,000",1.0,639,07/01/2020,700,Seattle,2.0,1
4821624194,S-UL,RESI,3436,13th Ave W,WA,"$628,046",1.5,"1,110",07/01/2020,700,Seattle,,3
4831603619,S,COND,500,W Olympic Place #102,WA,"$475,000",1.5,"1,000",07/01/2020,700,Seattle,3.0,2
4841606127,S,RESI,2529,8th Ave W,WA,"$1,710,000",3.0,"3,090",07/02/2020,700,Seattle,4.0,5
4851598070,S,RESI,2123,8th Ave N,WA,"$1,195,000",3.0,"2,190",07/02/2020,700,Seattle,5.0,3
4861598863,S,COND,621,5th Ave N #102,WA,"$383,000",1.0,566,07/02/2020,700,Seattle,22.0,0
4871601405,S,RESI,2123,10th Ave W #A,WA,"$1,006,000",2.5,"1,500",07/06/2020,700,Seattle,7.0,3
4881626105,S-UL,RESI,4507,30th Ave W,WA,"$780,000",0.0,"2,590",07/06/2020,700,Seattle,,0
4891628018,S-UL,COND,110,W Highland Dr #411,WA,"$1,250,000",1.75,"1,650",07/09/2020,700,Seattle,,2
4901631096,S-UL,RESI,816,W Wheeler St,WA,"$1,148,750",0.0,"2,600",07/15/2020,700,Seattle,,0
4911553481,S,RESI,2112,B 3rd Ave N,WA,"$905,000",2.25,"1,467",07/17/2020,700,Seattle,18.0,3
4921606978,S,RESI,2824,35th Ave W,WA,"$925,000",2.0,"1,780",07/22/2020,700,Seattle,11.0,3
4931571796,S,RESI,1919,8th Ave W,WA,"$1,190,000",1.75,"2,112",08/21/2020,700,Seattle,57.0,3
4941716944,S,RESI,2627,30th Ave W,WA,"$1,535,000",1.75,"2,568",03/04/2021,700,Seattle,7.0,5
