Date,Average Days on Market,Average Percent of Last List Price,Average Percent of Last Original Price,Average Price Per Square Foot,Average Sales Price,Closed Sales,Homes for Sale,Median Days on Market,Median Percent of Last List Price,Median Percent of Last Original Price,Median Price Per Square Foot,Median Sales Price,Months Supply of Inventory (Closed),Months Supply of Inventory (Pending),New Listings,Pending Sales
2006-01-01,35.0,0.995,0.98,328.0,534141.0,256.0,238.0,24.0,1.0,0.99,307.0,470000.0,1.8,1.8,332.0,245.0
2006-02-01,36.0,0.992,0.982,326.0,512625.0,247.0,232.0,23.0,1.0,1.0,305.0,443000.0,1.8,1.8,366.0,264.0
2006-03-01,36.0,0.996,0.988,333.0,541791.0,280.0,245.0,19.0,1.0,1.0,304.0,450000.0,1.9,1.9,478.0,325.0
2006-04-01,35.0,0.998,0.99,332.0,548525.0,328.0,244.0,18.0,1.0,1.0,307.0,470500.0,2.0,2.0,518.0,392.0
2006-05-01,33.0,1.002,0.994,343.0,567723.0,365.0,251.0,17.0,1.0,1.0,328.0,485000.0,2.1,2.0,567.0,410.0
2006-06-01,30.0,0.999,0.992,345.0,562030.0,401.0,262.0,18.0,1.0,1.0,333.0,483000.0,2.2,2.1,592.0,423.0
2006-07-01,28.0,1.001,0.996,349.0,563022.0,420.0,290.0,18.0,1.0,1.0,345.0,482500.0,2.4,2.4,611.0,404.0
2006-08-01,29.0,1.001,0.994,349.0,558682.0,446.0,316.0,18.0,1.0,1.0,338.0,499500.0,2.6,2.6,616.0,396.0
2006-09-01,30.0,1.001,0.994,355.0,548084.0,409.0,352.0,18.0,1.0,1.0,349.0,482500.0,3.0,3.0,657.0,382.0
2006-10-01,31.0,0.998,0.988,358.0,558433.0,388.0,370.0,20.0,1.0,1.0,347.0,501250.0,3.2,3.1,612.0,364.0
2006-11-01,37.0,0.993,0.977,361.0,570530.0,342.0,382.0,23.0,1.0,0.987,353.0,499975.0,3.3,3.3,565.0,337.0
2006-12-01,40.0,0.992,0.974,364.0,570435.0,334.0,344.0,26.0,0.997,0.984,356.0,500750.0,2.9,2.9,375.0,291.0
2007-01-01,46.0,0.99,0.973,369.0,554093.0,281.0,324.0,35.0,0.995,0.983,374.0,485000.0,2.8,2.8,368.0,251.0
2007-02-01,48.0,0.991,0.98,377.0,529199.0,256.0,313.0,36.0,1.0,0.989,374.0,472995.0,2.6,2.6,403.0,274.0
2007-03-01,50.0,0.998,0.989,374.0,553981.0,284.0,339.0,29.0,1.0,1.0,361.0,491250.0,2.9,2.9,556.0,339.0
2007-04-01,45.0,1.002,0.991,373.0,596947.0,358.0,371.0,23.0,1.0,1.0,359.0,502250.0,3.1,3.1,605.0,386.0
2007-05-01,42.0,1.003,0.99,370.0,597953.0,417.0,399.0,23.0,1.0,1.0,358.0,504500.0,3.3,3.4,625.0,410.0
2007-06-01,40.0,0.998,0.986,375.0,591146.0,426.0,455.0,25.0,1.0,1.0,359.0,480000.0,3.8,3.9,714.0,387.0
2007-07-01,41.0,0.995,0.984,387.0,588009.0,410.0,495.0,27.0,1.0,1.0,371.0,502950.0,4.1,4.2,707.0,391.0
2007-08-01,42.0,0.993,0.979,394.0,624874.0,378.0,526.0,27.0,1.0,0.995,376.0,523000.0,4.4,4.6,675.0,338.0
2007-09-01,44.0,0.99,0.974,397.0,643363.0,336.0,558.0,28.0,1.0,0.989,377.0,528500.0,4.8,5.0,644.0,294.0
2007-10-01,46.0,0.985,0.967,388.0,642427.0,291.0,584.0,26.0,0.993,0.98,368.0,510000.0,5.1,5.4,609.0,238.0
2007-11-01,52.0,0.978,0.958,380.0,606292.0,243.0,589.0,35.0,0.985,0.97,365.0,495000.0,5.3,5.5,557.0,226.0
2007-12-01,65.0,0.975,0.947,376.0,633932.0,219.0,528.0,48.0,0.982,0.959,363.0,500000.0,4.9,5.1,375.0,202.0
2008-01-01,75.0,0.972,0.938,377.0,615997.0,182.0,480.0,58.0,0.98,0.951,366.0,499950.0,4.5,4.7,380.0,194.0
2008-02-01,81.0,0.976,0.935,371.0,626588.0,187.0,472.0,70.0,0.983,0.95,354.0,512000.0,4.6,4.7,454.0,185.0
2008-03-01,79.0,0.977,0.944,372.0,592683.0,197.0,506.0,59.0,0.981,0.962,355.0,492000.0,5.0,5.3,573.0,230.0
2008-04-01,71.0,0.979,0.951,368.0,596873.0,226.0,544.0,49.0,0.982,0.966,354.0,493500.0,5.6,5.9,618.0,250.0
2008-05-01,68.0,0.977,0.953,372.0,628516.0,241.0,591.0,45.0,0.982,0.97,362.0,505000.0,6.4,6.7,659.0,248.0
2008-06-01,62.0,0.978,0.95,361.0,680502.0,235.0,636.0,41.0,0.983,0.968,337.0,542500.0,7.3,7.6,673.0,219.0
2008-07-01,63.0,0.975,0.944,361.0,683748.0,230.0,666.0,45.0,0.982,0.965,336.0,523655.0,8.1,8.5,634.0,204.0
2008-08-01,67.0,0.972,0.938,361.0,642262.0,204.0,660.0,52.0,0.978,0.956,339.0,473750.0,8.5,8.9,560.0,185.0
2008-09-01,71.0,0.969,0.933,363.0,550518.0,173.0,648.0,57.0,0.974,0.942,337.0,440000.0,8.9,9.1,560.0,183.0
2008-10-01,79.0,0.969,0.931,349.0,518903.0,175.0,633.0,58.0,0.973,0.94,328.0,437000.0,9.1,9.2,550.0,163.0
2008-11-01,73.0,0.965,0.927,342.0,550481.0,148.0,614.0,53.0,0.972,0.938,318.0,447500.0,9.1,9.2,487.0,145.0
2008-12-01,76.0,0.96,0.915,333.0,589014.0,138.0,566.0,55.0,0.97,0.931,317.0,475000.0,8.7,8.8,373.0,107.0
2009-01-01,74.0,0.952,0.907,326.0,607576.0,103.0,535.0,60.0,0.957,0.921,314.0,485000.0,8.5,8.7,371.0,101.0
2009-02-01,80.0,0.956,0.91,323.0,544619.0,108.0,538.0,66.0,0.957,0.926,321.0,464500.0,8.9,9.0,459.0,115.0
2009-03-01,81.0,0.954,0.914,314.0,526839.0,109.0,571.0,64.0,0.957,0.924,320.0,457000.0,9.9,10.0,523.0,142.0
2009-04-01,80.0,0.949,0.91,311.0,570530.0,133.0,593.0,57.0,0.955,0.926,309.0,475000.0,10.7,10.8,531.0,169.0
2009-05-01,84.0,0.955,0.916,306.0,548354.0,161.0,608.0,56.0,0.965,0.931,304.0,470000.0,11.4,11.3,536.0,199.0
2009-06-01,81.0,0.962,0.918,312.0,534154.0,210.0,607.0,58.0,0.968,0.938,302.0,475000.0,11.6,11.2,530.0,244.0
2009-07-01,83.0,0.965,0.918,314.0,527893.0,237.0,617.0,56.0,0.97,0.942,301.0,473000.0,11.7,11.1,558.0,256.0
2009-08-01,84.0,0.962,0.914,308.0,540793.0,250.0,614.0,56.0,0.967,0.938,295.0,473250.0,11.4,10.7,509.0,246.0
2009-09-01,85.0,0.964,0.918,301.0,527733.0,238.0,632.0,46.0,0.971,0.94,289.0,455000.0,11.3,10.8,549.0,225.0
2009-10-01,86.0,0.966,0.921,300.0,533551.0,235.0,625.0,49.0,0.971,0.937,292.0,470000.0,10.9,10.3,500.0,242.0
2009-11-01,84.0,0.97,0.923,298.0,525252.0,238.0,597.0,52.0,0.975,0.933,292.0,455000.0,10.0,9.5,442.0,233.0
2009-12-01,79.0,0.965,0.919,292.0,533940.0,230.0,530.0,56.0,0.971,0.936,287.0,452000.0,8.5,8.0,313.0,209.0
2010-01-01,85.0,0.961,0.911,291.0,525184.0,208.0,486.0,63.0,0.968,0.923,282.0,442250.0,7.4,7.1,318.0,180.0
2010-02-01,81.0,0.955,0.911,301.0,550568.0,176.0,480.0,60.0,0.964,0.932,283.0,452000.0,7.1,6.8,398.0,181.0
2010-03-01,90.0,0.961,0.916,302.0,559472.0,181.0,523.0,64.0,0.967,0.933,281.0,480000.0,7.5,7.2,527.0,213.0
2010-04-01,81.0,0.967,0.928,303.0,541380.0,197.0,570.0,42.0,0.973,0.945,286.0,439000.0,8.0,7.6,593.0,264.0
2010-05-01,79.0,0.973,0.93,301.0,554558.0,232.0,605.0,38.0,0.981,0.959,290.0,447500.0,8.3,7.9,570.0,266.0
2010-06-01,67.0,0.97,0.932,306.0,576099.0,237.0,618.0,38.0,0.978,0.958,298.0,439000.0,8.4,8.0,544.0,257.0
2010-07-01,64.0,0.967,0.931,303.0,596679.0,252.0,610.0,40.0,0.976,0.955,296.0,487500.0,8.2,8.1,469.0,204.0
2010-08-01,64.0,0.965,0.93,295.0,584989.0,229.0,603.0,40.0,0.97,0.95,287.0,485000.0,8.2,8.1,472.0,198.0
2010-09-01,73.0,0.964,0.927,287.0,540406.0,222.0,598.0,49.0,0.97,0.949,281.0,435000.0,8.2,8.2,476.0,176.0
2010-10-01,76.0,0.965,0.926,275.0,509418.0,182.0,578.0,46.0,0.969,0.947,274.0,425000.0,8.0,8.1,448.0,172.0
2010-11-01,69.0,0.962,0.925,277.0,513802.0,172.0,536.0,40.0,0.968,0.945,280.0,425000.0,7.6,7.8,410.0,154.0
2010-12-01,70.0,0.96,0.917,272.0,559131.0,162.0,471.0,39.0,0.967,0.933,273.0,457000.0,6.9,7.0,295.0,154.0
2011-01-01,65.0,0.959,0.917,281.0,571753.0,153.0,423.0,41.0,0.967,0.933,279.0,439900.0,6.4,6.3,316.0,160.0
2011-02-01,72.0,0.958,0.91,273.0,542833.0,162.0,394.0,49.0,0.969,0.936,249.0,412500.0,6.0,5.9,320.0,178.0
2011-03-01,73.0,0.962,0.913,282.0,515736.0,170.0,391.0,41.0,0.971,0.944,267.0,412250.0,5.9,5.9,397.0,208.0
2011-04-01,74.0,0.962,0.916,282.0,503259.0,207.0,407.0,34.0,0.971,0.949,274.0,399950.0,6.2,6.3,425.0,212.0
2011-05-01,71.0,0.967,0.928,275.0,513757.0,219.0,420.0,28.0,0.974,0.958,269.0,425000.0,6.4,6.6,442.0,230.0
2011-06-01,63.0,0.97,0.937,268.0,526399.0,232.0,442.0,25.0,0.976,0.963,254.0,424500.0,6.7,7.0,452.0,224.0
2011-07-01,63.0,0.971,0.939,262.0,536600.0,221.0,444.0,24.0,0.977,0.964,253.0,450000.0,6.9,7.0,408.0,234.0
2011-08-01,69.0,0.969,0.931,267.0,516955.0,226.0,441.0,29.0,0.977,0.955,254.0,442500.0,6.8,6.8,375.0,224.0
2011-09-01,67.0,0.966,0.928,268.0,545592.0,209.0,425.0,34.0,0.976,0.951,254.0,470000.0,6.6,6.5,339.0,204.0
2011-10-01,65.0,0.966,0.921,263.0,521287.0,189.0,410.0,40.0,0.973,0.933,247.0,440000.0,6.4,6.2,316.0,186.0
2011-11-01,66.0,0.966,0.921,260.0,549931.0,175.0,394.0,50.0,0.973,0.927,249.0,419000.0,6.1,6.0,297.0,160.0
2011-12-01,67.0,0.968,0.919,257.0,500694.0,169.0,364.0,49.0,0.977,0.926,247.0,385000.0,5.6,5.5,241.0,159.0
2012-01-01,64.0,0.97,0.92,259.0,509054.0,167.0,335.0,43.0,0.978,0.945,256.0,405000.0,5.1,5.1,224.0,159.0
2012-02-01,60.0,0.97,0.924,258.0,501366.0,153.0,314.0,39.0,0.976,0.945,253.0,425000.0,4.8,4.7,252.0,187.0
2012-03-01,63.0,0.978,0.935,260.0,528591.0,155.0,310.0,30.0,0.978,0.956,254.0,459500.0,4.8,4.6,348.0,236.0
2012-04-01,63.0,0.986,0.953,277.0,546555.0,219.0,309.0,26.0,0.985,0.968,267.0,450000.0,4.8,4.4,408.0,305.0
2012-05-01,54.0,0.986,0.956,282.0,548176.0,284.0,310.0,20.0,0.988,0.972,274.0,469500.0,4.7,4.3,456.0,341.0
2012-06-01,50.0,0.987,0.96,283.0,522095.0,334.0,307.0,18.0,0.99,0.972,276.0,456900.0,4.4,4.1,428.0,329.0
2012-07-01,46.0,0.985,0.962,281.0,512643.0,331.0,307.0,16.0,0.991,0.975,276.0,458000.0,4.2,4.0,407.0,286.0
2012-08-01,46.0,0.989,0.963,279.0,495546.0,313.0,301.0,13.0,0.993,0.979,274.0,440000.0,4.0,3.8,363.0,268.0
2012-09-01,45.0,0.987,0.96,282.0,522038.0,281.0,298.0,14.0,0.991,0.981,276.0,458000.0,3.9,3.8,367.0,247.0
2012-10-01,47.0,0.984,0.955,278.0,529265.0,255.0,284.0,15.0,0.99,0.978,266.0,452500.0,3.6,3.5,332.0,243.0
2012-11-01,48.0,0.984,0.956,278.0,551240.0,238.0,264.0,18.0,0.99,0.976,266.0,451250.0,3.3,3.2,292.0,213.0
2012-12-01,51.0,0.98,0.954,277.0,545648.0,220.0,231.0,23.0,0.985,0.966,262.0,440000.0,2.8,2.8,195.0,182.0
2013-01-01,54.0,0.98,0.952,285.0,559165.0,202.0,207.0,30.0,0.984,0.963,274.0,493000.0,2.5,2.5,195.0,172.0
2013-02-01,54.0,0.98,0.962,295.0,547916.0,180.0,197.0,23.0,0.984,0.972,288.0,504500.0,2.4,2.3,238.0,195.0
2013-03-01,52.0,0.99,0.971,294.0,541685.0,195.0,201.0,13.0,0.988,0.985,289.0,484440.0,2.4,2.4,372.0,277.0
2013-04-01,42.0,1.004,0.989,313.0,538971.0,256.0,213.0,8.0,1.0,1.0,302.0,478750.0,2.5,2.5,453.0,336.0
2013-05-01,35.0,1.006,0.99,312.0,561675.0,332.0,224.0,8.0,1.0,1.0,304.0,499500.0,2.6,2.6,484.0,364.0
2013-06-01,29.0,1.005,0.991,322.0,581418.0,353.0,236.0,8.0,1.0,1.0,307.0,515000.0,2.7,2.7,478.0,358.0
2013-07-01,25.0,1.004,0.991,319.0,602585.0,368.0,244.0,9.0,1.0,1.0,303.0,525000.0,2.8,2.7,464.0,351.0
2013-08-01,26.0,1.002,0.992,326.0,615379.0,358.0,254.0,9.0,1.0,1.0,307.0,524750.0,2.8,2.8,472.0,342.0
2013-09-01,31.0,1.0,0.987,323.0,614114.0,364.0,269.0,11.0,1.0,1.0,307.0,528250.0,2.9,2.9,498.0,340.0
2013-10-01,34.0,0.995,0.981,322.0,598790.0,351.0,271.0,11.0,1.0,0.992,310.0,520000.0,2.9,2.8,444.0,311.0
2013-11-01,39.0,0.992,0.971,323.0,618286.0,301.0,250.0,12.0,1.0,0.986,313.0,530000.0,2.6,2.6,367.0,296.0
2013-12-01,42.0,0.99,0.964,323.0,610802.0,298.0,213.0,17.0,0.992,0.979,314.0,524500.0,2.2,2.2,232.0,227.0
2014-01-01,49.0,0.986,0.955,320.0,650492.0,231.0,185.0,22.0,0.985,0.969,317.0,519000.0,1.9,1.9,218.0,207.0
2014-02-01,49.0,0.991,0.963,322.0,639767.0,216.0,172.0,20.0,0.992,0.978,311.0,533500.0,1.7,1.7,246.0,222.0
2014-03-01,41.0,0.996,0.981,331.0,622494.0,227.0,170.0,14.0,1.0,0.997,317.0,514950.0,1.7,1.7,338.0,285.0
2014-04-01,39.0,1.003,0.987,343.0,608251.0,282.0,173.0,11.0,1.0,1.0,324.0,510250.0,1.7,1.7,390.0,327.0
2014-05-01,31.0,1.004,0.991,347.0,614720.0,326.0,186.0,9.0,1.0,1.0,333.0,519500.0,1.8,1.9,455.0,346.0
2014-06-01,26.0,1.008,0.995,358.0,665472.0,330.0,192.0,8.0,1.0,1.0,345.0,569000.0,1.9,1.9,447.0,359.0
2014-07-01,24.0,1.005,0.994,360.0,671773.0,343.0,204.0,8.0,1.0,1.0,348.0,585500.0,2.0,2.0,447.0,332.0
2014-08-01,28.0,1.001,0.988,361.0,654691.0,338.0,200.0,9.0,1.0,0.997,347.0,554729.0,2.0,2.0,394.0,319.0
2014-09-01,29.0,1.001,0.986,367.0,644589.0,328.0,209.0,11.0,1.0,0.996,348.0,530000.0,2.1,2.1,400.0,281.0
2014-10-01,33.0,1.001,0.988,364.0,667682.0,300.0,201.0,11.0,1.0,0.992,342.0,554500.0,2.1,2.1,369.0,294.0
2014-11-01,37.0,1.0,0.985,362.0,675493.0,287.0,193.0,11.0,1.0,0.991,338.0,540000.0,2.0,2.0,330.0,261.0
2014-12-01,41.0,0.995,0.979,342.0,649912.0,265.0,156.0,14.0,0.996,0.984,327.0,530000.0,1.6,1.6,228.0,237.0
2015-01-01,44.0,0.995,0.977,344.0,627395.0,232.0,130.0,17.0,0.997,0.983,328.0,518250.0,1.3,1.3,209.0,218.0
2015-02-01,43.0,1.004,0.989,345.0,640214.0,218.0,115.0,14.0,1.0,0.994,341.0,550000.0,1.2,1.2,229.0,224.0
2015-03-01,39.0,1.016,1.005,365.0,638110.0,229.0,122.0,9.0,1.0,1.0,355.0,570500.0,1.3,1.3,332.0,284.0
2015-04-01,27.0,1.02,1.012,378.0,658402.0,288.0,128.0,8.0,1.0,1.0,369.0,563900.0,1.3,1.3,398.0,342.0
2015-05-01,22.0,1.023,1.015,386.0,675420.0,338.0,130.0,8.0,1.0,1.0,379.0,585000.0,1.3,1.3,475.0,420.0
2015-06-01,19.0,1.027,1.019,393.0,731907.0,408.0,134.0,8.0,1.0,1.0,384.0,612500.0,1.4,1.3,468.0,411.0
2015-07-01,21.0,1.028,1.021,394.0,732673.0,410.0,131.0,8.0,1.0,1.0,388.0,618750.0,1.3,1.3,437.0,390.0
2015-08-01,22.0,1.027,1.019,399.0,710289.0,402.0,134.0,9.0,1.0,1.0,389.0,600500.0,1.3,1.3,391.0,332.0
2015-09-01,23.0,1.024,1.017,403.0,680257.0,322.0,139.0,9.0,1.0,1.0,390.0,574500.0,1.4,1.3,398.0,329.0
2015-10-01,20.0,1.019,1.012,407.0,685381.0,318.0,144.0,9.0,1.0,1.0,391.0,563750.0,1.4,1.4,380.0,305.0
2015-11-01,19.0,1.022,1.017,410.0,726328.0,287.0,137.0,8.0,1.0,1.0,394.0,605000.0,1.3,1.3,333.0,289.0
2015-12-01,19.0,1.017,1.009,405.0,733457.0,299.0,111.0,9.0,1.0,1.0,393.0,650000.0,1.1,1.1,236.0,237.0
2016-01-01,23.0,1.02,1.01,410.0,738937.0,241.0,95.0,9.0,1.0,1.0,400.0,668000.0,0.9,0.9,219.0,206.0
2016-02-01,24.0,1.019,1.013,416.0,748526.0,229.0,94.0,9.0,1.0,1.0,406.0,685000.0,0.9,0.9,241.0,204.0
2016-03-01,26.0,1.028,1.021,433.0,758491.0,214.0,110.0,8.0,1.001,1.0,419.0,678500.0,1.1,1.1,337.0,258.0
2016-04-01,22.0,1.036,1.03,449.0,802053.0,260.0,127.0,8.0,1.004,1.006,441.0,665000.0,1.2,1.2,384.0,308.0
2016-05-01,21.0,1.037,1.028,451.0,774277.0,300.0,137.0,8.0,1.008,1.008,451.0,647500.0,1.3,1.4,433.0,363.0
2016-06-01,19.0,1.036,1.028,454.0,809734.0,368.0,145.0,8.0,1.006,1.008,452.0,663750.0,1.4,1.5,435.0,365.0
2016-07-01,21.0,1.03,1.021,450.0,797911.0,356.0,152.0,9.0,1.0,1.0,449.0,685000.0,1.5,1.5,449.0,368.0
2016-08-01,21.0,1.021,1.011,454.0,821959.0,377.0,153.0,9.0,1.0,1.0,449.0,700750.0,1.5,1.5,413.0,349.0
2016-09-01,20.0,1.015,1.005,455.0,813527.0,338.0,156.0,9.0,1.0,1.0,444.0,694500.0,1.6,1.6,430.0,349.0
2016-10-01,20.0,1.013,1.004,453.0,804853.0,345.0,146.0,9.0,1.0,1.0,437.0,694500.0,1.5,1.4,383.0,341.0
2016-11-01,21.0,1.014,1.004,449.0,819786.0,325.0,127.0,8.0,1.0,1.0,431.0,699000.0,1.3,1.3,328.0,310.0
2016-12-01,25.0,1.011,0.999,457.0,822415.0,315.0,97.0,9.0,1.0,1.0,435.0,709400.0,1.0,0.9,227.0,265.0
2017-01-01,25.0,1.011,0.999,470.0,836333.0,279.0,78.0,9.0,1.0,1.0,449.0,720000.0,0.8,0.8,209.0,223.0
2017-02-01,26.0,1.014,1.004,490.0,851430.0,237.0,79.0,9.0,1.0,1.0,466.0,715000.0,0.8,0.8,259.0,226.0
2017-03-01,22.0,1.026,1.021,500.0,883217.0,247.0,94.0,8.0,1.0,1.0,472.0,729950.0,0.9,0.9,358.0,281.0
2017-04-01,19.0,1.044,1.042,503.0,906900.0,285.0,107.0,8.0,1.013,1.017,476.0,774950.0,1.0,1.0,412.0,342.0
2017-05-01,15.0,1.062,1.06,505.0,869143.0,369.0,111.0,7.0,1.032,1.035,483.0,740000.0,1.0,1.0,448.0,403.0
2017-06-01,14.0,1.067,1.064,514.0,864831.0,397.0,113.0,8.0,1.034,1.036,492.0,744950.0,1.1,1.0,461.0,426.0
2017-07-01,15.0,1.059,1.053,520.0,878188.0,423.0,110.0,8.0,1.016,1.014,496.0,750000.0,1.0,1.0,453.0,434.0
2017-08-01,19.0,1.044,1.037,524.0,925791.0,418.0,111.0,8.0,1.0,1.0,497.0,815000.0,1.0,1.0,414.0,384.0
2017-09-01,20.0,1.038,1.031,516.0,929220.0,381.0,120.0,8.0,1.0,1.0,492.0,825000.0,1.1,1.1,416.0,355.0
2017-10-01,20.0,1.041,1.034,512.0,905657.0,362.0,130.0,8.0,1.012,1.012,492.0,825000.0,1.2,1.2,413.0,332.0
2017-11-01,20.0,1.038,1.03,524.0,890587.0,332.0,129.0,8.0,1.005,1.002,506.0,780000.0,1.2,1.2,373.0,310.0
2017-12-01,22.0,1.036,1.024,539.0,883603.0,311.0,102.0,8.0,1.0,1.0,516.0,790000.0,0.9,0.9,232.0,238.0
2018-01-01,26.0,1.031,1.017,557.0,912727.0,251.0,77.0,10.0,1.0,1.0,534.0,785000.0,0.7,0.7,179.0,190.0
2018-02-01,24.0,1.049,1.035,573.0,905954.0,200.0,68.0,8.0,1.016,1.012,569.0,765939.0,0.6,0.6,190.0,175.0
2018-03-01,25.0,1.053,1.046,575.0,989231.0,192.0,81.0,8.0,1.031,1.028,561.0,805000.0,0.7,0.8,309.0,238.0
2018-04-01,19.0,1.062,1.058,582.0,967123.0,243.0,98.0,7.0,1.036,1.039,571.0,835000.0,0.9,0.9,352.0,275.0
2018-05-01,17.0,1.057,1.053,576.0,1004497.0,296.0,118.0,7.0,1.032,1.035,566.0,876853.0,1.1,1.2,442.0,342.0
2018-06-01,15.0,1.052,1.047,581.0,1036343.0,333.0,139.0,7.0,1.026,1.026,569.0,897000.0,1.3,1.4,480.0,370.0
2018-07-01,16.0,1.033,1.024,573.0,1050550.0,355.0,168.0,8.0,1.002,1.001,558.0,897000.0,1.6,1.7,495.0,346.0
2018-08-01,16.0,1.016,1.005,568.0,1050333.0,314.0,194.0,8.0,1.0,1.0,551.0,900000.0,2.0,2.0,460.0,293.0
2018-09-01,20.0,1.0,0.985,553.0,987924.0,281.0,235.0,11.0,1.0,1.0,534.0,879500.0,2.5,2.5,479.0,237.0
2018-10-01,22.0,0.99,0.973,542.0,1003997.0,242.0,256.0,14.0,0.996,0.985,520.0,889000.0,2.8,2.8,471.0,257.0
2018-11-01,29.0,0.982,0.959,521.0,1001993.0,244.0,266.0,20.0,0.985,0.971,506.0,861000.0,2.9,3.0,427.0,234.0
2018-12-01,31.0,0.982,0.957,519.0,980592.0,221.0,230.0,22.0,0.986,0.97,509.0,850000.0,2.6,2.6,256.0,194.0
2019-01-01,38.0,0.98,0.951,512.0,998290.0,179.0,206.0,30.0,0.982,0.96,505.0,819000.0,2.4,2.4,224.0,156.0
2019-02-01,45.0,0.981,0.96,532.0,973438.0,154.0,197.0,31.0,0.986,0.97,523.0,789750.0,2.3,2.3,249.0,169.0
2019-03-01,54.0,0.988,0.963,549.0,995281.0,190.0,211.0,29.0,0.992,0.973,536.0,777000.0,2.5,2.4,375.0,249.0
2019-04-01,44.0,0.992,0.972,553.0,972118.0,253.0,225.0,17.0,1.0,0.989,538.0,810000.0,2.6,2.5,452.0,325.0
2019-05-01,35.0,0.993,0.973,555.0,968290.0,337.0,258.0,13.0,1.0,0.992,538.0,835000.0,3.0,2.9,584.0,382.0
2019-06-01,25.0,0.997,0.983,554.0,971793.0,368.0,291.0,9.0,1.0,0.996,529.0,870500.0,3.3,3.3,604.0,380.0
2019-07-01,23.0,0.995,0.981,563.0,1008012.0,374.0,305.0,10.0,1.0,0.99,538.0,875000.0,3.5,3.4,540.0,356.0
2019-08-01,28.0,0.991,0.973,556.0,1034446.0,351.0,278.0,15.0,0.993,0.982,537.0,871500.0,3.1,3.1,406.0,335.0
2019-09-01,34.0,0.987,0.963,539.0,1001299.0,330.0,257.0,19.0,0.988,0.975,527.0,844975.0,2.9,2.8,390.0,314.0
2019-10-01,39.0,0.984,0.959,519.0,1000907.0,315.0,246.0,20.0,0.985,0.967,513.0,860000.0,2.7,2.6,410.0,285.0
2019-11-01,37.0,0.987,0.967,513.0,978248.0,274.0,227.0,17.0,0.99,0.974,503.0,865000.0,2.4,2.4,360.0,260.0
2019-12-01,39.0,0.984,0.963,516.0,1056201.0,265.0,177.0,18.0,0.989,0.972,508.0,865000.0,1.9,1.9,223.0,216.0
2020-01-01,42.0,0.985,0.961,514.0,992444.0,221.0,131.0,23.0,0.991,0.972,495.0,850000.0,1.4,1.4,177.0,210.0
2020-02-01,46.0,0.991,0.97,523.0,974487.0,229.0,114.0,23.0,0.994,0.982,507.0,845000.0,1.2,1.2,236.0,215.0
2020-03-01,41.0,1.007,0.991,546.0,953700.0,235.0,134.0,10.0,1.0,1.0,525.0,825000.0,1.4,1.4,364.0,248.0
2020-04-01,31.0,1.01,1.0,548.0,975042.0,244.0,158.0,7.0,1.0,1.0,537.0,838750.0,1.6,1.7,358.0,230.0
2020-05-01,24.0,1.006,0.995,550.0,1013908.0,218.0,183.0,7.0,1.0,1.0,535.0,905000.0,1.9,2.0,405.0,258.0
2020-06-01,23.0,0.996,0.988,544.0,1029078.0,243.0,195.0,8.0,1.0,0.997,532.0,939000.0,2.1,2.2,410.0,307.0
2020-07-01,27.0,0.997,0.986,547.0,1036803.0,320.0,223.0,9.0,1.0,0.993,525.0,935000.0,2.5,2.5,537.0,376.0
2020-08-01,24.0,1.002,0.993,553.0,1051636.0,382.0,252.0,9.0,1.0,0.997,533.0,918000.0,2.8,2.7,596.0,414.0
2020-09-01,24.0,1.006,0.995,557.0,1070192.0,413.0,291.0,9.0,1.0,1.0,536.0,911000.0,3.1,3.0,668.0,418.0
2020-10-01,25.0,1.006,0.994,569.0,1053942.0,418.0,313.0,9.0,1.0,1.0,546.0,892000.0,3.3,3.2,651.0,409.0
2020-11-01,26.0,1.002,0.988,563.0,1059980.0,404.0,316.0,10.0,1.0,0.993,543.0,899950.0,3.2,3.1,539.0,332.0
2020-12-01,28.0,0.994,0.979,556.0,1035036.0,340.0,274.0,14.0,1.0,0.986,538.0,899475.0,2.7,2.7,389.0,313.0
2021-01-01,34.0,0.99,0.972,547.0,1025464.0,296.0,225.0,22.0,0.992,0.976,541.0,872750.0,2.2,2.1,334.0,309.0
2021-02-01,40.0,0.996,0.978,561.0,1033326.0,301.0,178.0,24.0,0.994,0.98,554.0,880000.0,1.7,1.6,355.0,376.0
2021-03-01,37.0,1.009,0.995,585.0,1050398.0,372.0,162.0,15.0,1.0,0.995,580.0,871000.0,1.5,1.4,442.0,396.0
2021-04-01,31.0,1.021,1.01,596.0,1135333.0,420.0,161.0,8.0,1.0,1.0,583.0,950000.0,1.4,1.3,501.0,435.0
2021-05-01,26.0,1.027,1.019,599.0,1140289.0,455.0,167.0,7.0,1.0,1.0,590.0,967000.0,1.4,1.3,561.0,469.0
2021-06-01,21.0,1.033,1.025,595.0,1156545.0,473.0,181.0,7.0,1.0,1.0,586.0,995000.0,1.4,1.4,613.0,500.0
2021-07-01,19.0,1.033,1.026,597.0,1144933.0,485.0,191.0,7.0,1.0,1.0,590.0,985000.0,1.4,1.4,616.0,501.0
2021-08-01,20.0,1.027,1.021,600.0,1131305.0,511.0,190.0,7.0,1.0,1.0,585.0,975000.0,1.4,1.4,562.0,468.0
2021-09-01,22.0,1.017,1.01,611.0,1103518.0,477.0,177.0,8.0,1.0,1.0,588.0,895000.0,1.3,1.3,489.0,432.0
2021-10-01,25.0,1.013,1.005,614.0,1089522.0,443.0,158.0,9.0,1.0,1.0,589.0,850000.0,1.1,1.2,410.0,381.0
2021-11-01,24.0,1.014,1.005,612.0,1129300.0,364.0,139.0,11.0,1.0,1.0,582.0,857000.0,1.0,1.0,324.0,309.0
2021-12-01,24.0,1.017,1.008,605.0,1123820.0,308.0,113.0,11.0,1.0,1.0,584.0,929500.0,0.8,0.8,214.0,238.0
2022-01-01,27.0,1.014,1.004,601.0,1035967.0,242.0,84.0,13.0,1.0,1.0,577.0,852450.0,0.6,0.6,164.0,208.0
2022-02-01,32.0,1.02,1.01,625.0,943159.0,224.0,69.0,12.0,1.0,1.0,612.0,770000.0,0.5,0.5,228.0,239.0
2022-03-01,30.0,1.047,1.039,660.0,1066721.0,249.0,70.0,7.0,1.005,1.004,637.0,782475.0,0.5,0.6,336.0,301.0
2022-04-01,24.0,1.07,1.062,678.0,1145631.0,308.0,90.0,6.0,1.036,1.035,657.0,887000.0,0.7,0.7,425.0,338.0
2022-05-01,17.0,1.071,1.065,674.0,1200521.0,359.0,116.0,6.0,1.035,1.034,655.0,977500.0,0.9,1.0,474.0,363.0
2022-06-01,12.0,1.06,1.052,673.0,1232624.0,362.0,164.0,6.0,1.02,1.018,665.0,1045000.0,1.4,1.4,548.0,338.0
2022-07-01,11.0,1.035,1.027,661.0,1296151.0,333.0,198.0,6.0,1.0,1.0,656.0,1100000.0,1.7,1.8,542.0,314.0
2022-08-01,13.0,1.012,1.002,653.0,1295828.0,296.0,223.0,6.0,1.0,1.0,652.0,1035000.0,2.0,2.2,497.0,262.0
2022-09-01,17.0,0.995,0.983,627.0,1236238.0,258.0,229.0,9.0,1.0,0.994,620.0,999000.0,2.2,2.3,453.0,242.0
2022-10-01,22.0,0.988,0.975,611.0,1148110.0,245.0,227.0,11.0,0.994,0.987,609.0,950000.0,2.3,2.4,417.0,224.0
2022-11-01,26.0,0.984,0.967,598.0,1115197.0,221.0,216.0,14.0,0.99,0.982,592.0,1023500.0,2.3,2.4,367.0,195.0
2022-12-01,29.0,0.976,0.957,587.0,1072589.0,193.0,177.0,16.0,0.981,0.975,584.0,1015000.0,1.9,2.0,227.0,163.0
2023-01-01,35.0,0.972,0.95,585.0,1056168.0,159.0,146.0,25.0,0.976,0.959,580.0,970000.0,1.6,1.7,181.0,141.0
2023-02-01,39.0,0.979,0.958,579.0,1008508.0,138.0,120.0,26.0,0.978,0.959,581.0,911250.0,1.4,1.4,181.0,175.0
2023-03-01,39.0,0.986,0.967,585.0,1052870.0,171.0,120.0,23.0,0.987,0.975,592.0,925000.0,1.4,1.5,251.0,199.0
2023-04-01,37.0,0.994,0.979,608.0,1071651.0,206.0,123.0,13.0,0.996,0.986,602.0,920551.0,1.5,1.6,279.0,221.0
2023-05-01,33.0,0.994,0.981,630.0,1118578.0,239.0,133.0,11.0,1.0,0.988,610.0,965000.0,1.7,1.8,332.0,240.0
2023-06-01,30.0,1.001,0.988,637.0,1139983.0,248.0,146.0,9.0,1.0,0.999,611.0,967500.0,2.0,2.0,348.0,233.0
2023-07-01,27.0,1.002,0.989,630.0,1180295.0,231.0,158.0,8.0,1.0,1.0,607.0,1055000.0,2.2,2.2,350.0,238.0
2023-08-01,26.0,0.999,0.987,626.0,1191977.0,230.0,165.0,8.0,1.0,0.996,609.0,1047500.0,2.3,2.4,327.0,224.0
2023-09-01,29.0,0.992,0.983,628.0,1122738.0,220.0,173.0,10.0,1.0,0.987,623.0,962500.0,2.5,2.5,342.0,224.0
2023-10-01,29.0,0.99,0.981,624.0,1090119.0,231.0,180.0,13.0,0.992,0.984,613.0,935000.0,2.6,2.6,343.0,211.0
2023-11-01,30.0,0.99,0.981,615.0,1064959.0,199.0,185.0,14.0,0.993,0.981,606.0,935000.0,2.7,2.7,296.0,161.0
2023-12-01,28.0,0.99,0.977,593.0,1132987.0,160.0,163.0,15.0,0.996,0.981,583.0,997475.0,2.4,2.4,189.0,145.0
2024-01-01,37.0,0.987,0.966,580.0,1077080.0,129.0,136.0,20.0,0.989,0.97,569.0,979000.0,2.0,2.0,169.0,154.0
2024-02-01,44.0,0.992,0.974,589.0,1138508.0,161.0,120.0,19.0,0.989,0.982,571.0,959000.0,1.8,1.8,211.0,184.0
2024-03-01,42.0,0.995,0.981,613.0,1164264.0,184.0,132.0,13.0,0.991,0.987,592.0,984500.0,1.9,1.9,317.0,211.0
2024-04-01,32.0,0.999,0.992,628.0,1220721.0,216.0,162.0,8.0,1.0,1.0,615.0,1107500.0,2.4,2.3,411.0,247.0
2024-05-01,21.0,1.004,0.996,632.0,1231010.0,248.0,195.0,7.0,1.0,1.0,621.0,1150000.0,2.8,2.8,462.0,275.0
2024-06-01,22.0,1.006,1.002,633.0,1207767.0,265.0,233.0,7.0,1.0,1.0,634.0,1049000.0,3.4,3.3,483.0,264.0
